ISO-10303-21;
HEADER;
/* Generated by software containing ST-Developer
 * from STEP Tools, Inc. (www.steptools.com) 
 */

FILE_DESCRIPTION(
/* description */ (''),
/* implementation_level */ '2;1');

FILE_NAME(
/* name */ 'macropad_casetop.step',
/* time_stamp */ '2026-01-31T13:26:10+01:00',
/* author */ (''),
/* organization */ (''),
/* preprocessor_version */ 'ST-DEVELOPER v20.1',
/* originating_system */ 'Autodesk Translation Framework v14.24.0.0',
/* authorisation */ '');

FILE_SCHEMA (('AUTOMOTIVE_DESIGN { 1 0 10303 214 3 1 1 }'));
ENDSEC;

DATA;
#10=MECHANICAL_DESIGN_GEOMETRIC_PRESENTATION_REPRESENTATION('',(#17),#3163);
#11=ITEM_DEFINED_TRANSFORMATION($,$,#1883,#2064);
#12=(
REPRESENTATION_RELATIONSHIP($,$,#3174,#3173)
REPRESENTATION_RELATIONSHIP_WITH_TRANSFORMATION(#11)
SHAPE_REPRESENTATION_RELATIONSHIP()
);
#13=CONTEXT_DEPENDENT_SHAPE_REPRESENTATION(#12,#3172);
#14=NEXT_ASSEMBLY_USAGE_OCCURRENCE('top:1','top:1','top:1',#3176,#3177,
'top:1');
#15=SHAPE_REPRESENTATION_RELATIONSHIP('SRR','None',#3174,#16);
#16=ADVANCED_BREP_SHAPE_REPRESENTATION('',(#18),#3162);
#17=STYLED_ITEM('',(#3187),#18);
#18=MANIFOLD_SOLID_BREP('Bry\X2\0142\X0\a1',#1869);
#19=FACE_BOUND('',#268,.T.);
#20=FACE_BOUND('',#269,.T.);
#21=FACE_BOUND('',#270,.T.);
#22=FACE_BOUND('',#271,.T.);
#23=FACE_BOUND('',#272,.T.);
#24=FACE_BOUND('',#273,.T.);
#25=FACE_BOUND('',#274,.T.);
#26=FACE_BOUND('',#275,.T.);
#27=FACE_BOUND('',#276,.T.);
#28=FACE_BOUND('',#277,.T.);
#29=FACE_BOUND('',#365,.T.);
#30=FACE_BOUND('',#366,.T.);
#31=FACE_BOUND('',#367,.T.);
#32=FACE_BOUND('',#368,.T.);
#33=FACE_BOUND('',#369,.T.);
#34=FACE_BOUND('',#370,.T.);
#35=FACE_BOUND('',#371,.T.);
#36=FACE_BOUND('',#372,.T.);
#37=FACE_BOUND('',#373,.T.);
#38=FACE_BOUND('',#374,.T.);
#39=CIRCLE('',#1888,5.);
#40=CIRCLE('',#1889,5.);
#41=CIRCLE('',#1891,5.);
#42=CIRCLE('',#1892,5.);
#43=CIRCLE('',#1893,1.95393645422495);
#44=CIRCLE('',#1894,2.);
#45=CIRCLE('',#1895,2.);
#46=CIRCLE('',#1896,1.95393645422495);
#47=CIRCLE('',#1897,1.95393645422495);
#48=CIRCLE('',#1898,2.);
#49=CIRCLE('',#1899,2.);
#50=CIRCLE('',#1900,1.95393645422495);
#51=CIRCLE('',#1901,1.95393645422495);
#52=CIRCLE('',#1902,2.);
#53=CIRCLE('',#1903,2.);
#54=CIRCLE('',#1904,1.95393645422495);
#55=CIRCLE('',#1905,5.);
#56=CIRCLE('',#1906,1.7);
#57=CIRCLE('',#1907,1.95393645422495);
#58=CIRCLE('',#1908,2.);
#59=CIRCLE('',#1909,2.);
#60=CIRCLE('',#1910,1.95393645422495);
#61=CIRCLE('',#1911,1.95393645422495);
#62=CIRCLE('',#1912,2.);
#63=CIRCLE('',#1913,2.);
#64=CIRCLE('',#1914,1.95393645422495);
#65=CIRCLE('',#1915,1.95393645422495);
#66=CIRCLE('',#1916,2.);
#67=CIRCLE('',#1917,2.);
#68=CIRCLE('',#1918,1.95393645422495);
#69=CIRCLE('',#1919,1.7);
#70=CIRCLE('',#1920,1.7);
#71=CIRCLE('',#1921,1.95393645422495);
#72=CIRCLE('',#1922,2.);
#73=CIRCLE('',#1923,2.);
#74=CIRCLE('',#1924,1.95393645422495);
#75=CIRCLE('',#1925,1.95393645422495);
#76=CIRCLE('',#1926,2.);
#77=CIRCLE('',#1927,2.);
#78=CIRCLE('',#1928,1.95393645422495);
#79=CIRCLE('',#1929,1.95393645422495);
#80=CIRCLE('',#1930,2.);
#81=CIRCLE('',#1931,2.);
#82=CIRCLE('',#1932,1.95393645422495);
#83=CIRCLE('',#1933,1.7);
#84=CIRCLE('',#1936,5.);
#85=CIRCLE('',#1938,5.);
#86=CIRCLE('',#1941,5.);
#87=CIRCLE('',#1944,1.7);
#88=CIRCLE('',#1947,2.);
#89=CIRCLE('',#1950,2.);
#90=CIRCLE('',#1953,1.95393645422495);
#91=CIRCLE('',#1956,1.95393645422495);
#92=CIRCLE('',#1959,2.);
#93=CIRCLE('',#1962,2.);
#94=CIRCLE('',#1965,1.95393645422495);
#95=CIRCLE('',#1968,1.95393645422495);
#96=CIRCLE('',#1971,2.);
#97=CIRCLE('',#1974,2.);
#98=CIRCLE('',#1977,1.95393645422495);
#99=CIRCLE('',#1980,1.95393645422495);
#100=CIRCLE('',#1982,1.7);
#101=CIRCLE('',#1984,1.7);
#102=CIRCLE('',#1987,2.);
#103=CIRCLE('',#1990,2.);
#104=CIRCLE('',#1993,1.95393645422495);
#105=CIRCLE('',#1996,1.95393645422495);
#106=CIRCLE('',#1999,2.);
#107=CIRCLE('',#2002,2.);
#108=CIRCLE('',#2005,1.95393645422495);
#109=CIRCLE('',#2008,1.95393645422495);
#110=CIRCLE('',#2011,2.);
#111=CIRCLE('',#2014,2.);
#112=CIRCLE('',#2017,1.95393645422495);
#113=CIRCLE('',#2020,1.95393645422495);
#114=CIRCLE('',#2022,1.7);
#115=CIRCLE('',#2025,1.95393645422495);
#116=CIRCLE('',#2028,2.);
#117=CIRCLE('',#2031,2.);
#118=CIRCLE('',#2034,1.95393645422495);
#119=CIRCLE('',#2037,1.95393645422495);
#120=CIRCLE('',#2040,2.);
#121=CIRCLE('',#2043,2.);
#122=CIRCLE('',#2046,1.95393645422495);
#123=CIRCLE('',#2053,1.95393645422495);
#124=CIRCLE('',#2056,2.);
#125=CIRCLE('',#2059,2.);
#126=CIRCLE('',#2062,1.95393645422495);
#127=CYLINDRICAL_SURFACE('',#1887,5.);
#128=CYLINDRICAL_SURFACE('',#1935,5.);
#129=CYLINDRICAL_SURFACE('',#1937,5.);
#130=CYLINDRICAL_SURFACE('',#1940,5.);
#131=CYLINDRICAL_SURFACE('',#1943,1.7);
#132=CYLINDRICAL_SURFACE('',#1946,2.);
#133=CYLINDRICAL_SURFACE('',#1949,2.);
#134=CYLINDRICAL_SURFACE('',#1952,1.95393645422495);
#135=CYLINDRICAL_SURFACE('',#1955,1.95393645422495);
#136=CYLINDRICAL_SURFACE('',#1958,2.);
#137=CYLINDRICAL_SURFACE('',#1961,2.);
#138=CYLINDRICAL_SURFACE('',#1964,1.95393645422495);
#139=CYLINDRICAL_SURFACE('',#1967,1.95393645422495);
#140=CYLINDRICAL_SURFACE('',#1970,2.);
#141=CYLINDRICAL_SURFACE('',#1973,2.);
#142=CYLINDRICAL_SURFACE('',#1976,1.95393645422495);
#143=CYLINDRICAL_SURFACE('',#1979,1.95393645422495);
#144=CYLINDRICAL_SURFACE('',#1981,1.7);
#145=CYLINDRICAL_SURFACE('',#1983,1.7);
#146=CYLINDRICAL_SURFACE('',#1986,2.);
#147=CYLINDRICAL_SURFACE('',#1989,2.);
#148=CYLINDRICAL_SURFACE('',#1992,1.95393645422495);
#149=CYLINDRICAL_SURFACE('',#1995,1.95393645422495);
#150=CYLINDRICAL_SURFACE('',#1998,2.);
#151=CYLINDRICAL_SURFACE('',#2001,2.);
#152=CYLINDRICAL_SURFACE('',#2004,1.95393645422495);
#153=CYLINDRICAL_SURFACE('',#2007,1.95393645422495);
#154=CYLINDRICAL_SURFACE('',#2010,2.);
#155=CYLINDRICAL_SURFACE('',#2013,2.);
#156=CYLINDRICAL_SURFACE('',#2016,1.95393645422495);
#157=CYLINDRICAL_SURFACE('',#2019,1.95393645422495);
#158=CYLINDRICAL_SURFACE('',#2021,1.7);
#159=CYLINDRICAL_SURFACE('',#2024,1.95393645422495);
#160=CYLINDRICAL_SURFACE('',#2027,2.);
#161=CYLINDRICAL_SURFACE('',#2030,2.);
#162=CYLINDRICAL_SURFACE('',#2033,1.95393645422495);
#163=CYLINDRICAL_SURFACE('',#2036,1.95393645422495);
#164=CYLINDRICAL_SURFACE('',#2039,2.);
#165=CYLINDRICAL_SURFACE('',#2042,2.);
#166=CYLINDRICAL_SURFACE('',#2045,1.95393645422495);
#167=CYLINDRICAL_SURFACE('',#2052,1.95393645422495);
#168=CYLINDRICAL_SURFACE('',#2055,2.);
#169=CYLINDRICAL_SURFACE('',#2058,2.);
#170=CYLINDRICAL_SURFACE('',#2061,1.95393645422495);
#171=FACE_OUTER_BOUND('',#263,.T.);
#172=FACE_OUTER_BOUND('',#264,.T.);
#173=FACE_OUTER_BOUND('',#265,.T.);
#174=FACE_OUTER_BOUND('',#266,.T.);
#175=FACE_OUTER_BOUND('',#267,.T.);
#176=FACE_OUTER_BOUND('',#278,.T.);
#177=FACE_OUTER_BOUND('',#279,.T.);
#178=FACE_OUTER_BOUND('',#280,.T.);
#179=FACE_OUTER_BOUND('',#281,.T.);
#180=FACE_OUTER_BOUND('',#282,.T.);
#181=FACE_OUTER_BOUND('',#283,.T.);
#182=FACE_OUTER_BOUND('',#284,.T.);
#183=FACE_OUTER_BOUND('',#285,.T.);
#184=FACE_OUTER_BOUND('',#286,.T.);
#185=FACE_OUTER_BOUND('',#287,.T.);
#186=FACE_OUTER_BOUND('',#288,.T.);
#187=FACE_OUTER_BOUND('',#289,.T.);
#188=FACE_OUTER_BOUND('',#290,.T.);
#189=FACE_OUTER_BOUND('',#291,.T.);
#190=FACE_OUTER_BOUND('',#292,.T.);
#191=FACE_OUTER_BOUND('',#293,.T.);
#192=FACE_OUTER_BOUND('',#294,.T.);
#193=FACE_OUTER_BOUND('',#295,.T.);
#194=FACE_OUTER_BOUND('',#296,.T.);
#195=FACE_OUTER_BOUND('',#297,.T.);
#196=FACE_OUTER_BOUND('',#298,.T.);
#197=FACE_OUTER_BOUND('',#299,.T.);
#198=FACE_OUTER_BOUND('',#300,.T.);
#199=FACE_OUTER_BOUND('',#301,.T.);
#200=FACE_OUTER_BOUND('',#302,.T.);
#201=FACE_OUTER_BOUND('',#303,.T.);
#202=FACE_OUTER_BOUND('',#304,.T.);
#203=FACE_OUTER_BOUND('',#305,.T.);
#204=FACE_OUTER_BOUND('',#306,.T.);
#205=FACE_OUTER_BOUND('',#307,.T.);
#206=FACE_OUTER_BOUND('',#308,.T.);
#207=FACE_OUTER_BOUND('',#309,.T.);
#208=FACE_OUTER_BOUND('',#310,.T.);
#209=FACE_OUTER_BOUND('',#311,.T.);
#210=FACE_OUTER_BOUND('',#312,.T.);
#211=FACE_OUTER_BOUND('',#313,.T.);
#212=FACE_OUTER_BOUND('',#314,.T.);
#213=FACE_OUTER_BOUND('',#315,.T.);
#214=FACE_OUTER_BOUND('',#316,.T.);
#215=FACE_OUTER_BOUND('',#317,.T.);
#216=FACE_OUTER_BOUND('',#318,.T.);
#217=FACE_OUTER_BOUND('',#319,.T.);
#218=FACE_OUTER_BOUND('',#320,.T.);
#219=FACE_OUTER_BOUND('',#321,.T.);
#220=FACE_OUTER_BOUND('',#322,.T.);
#221=FACE_OUTER_BOUND('',#323,.T.);
#222=FACE_OUTER_BOUND('',#324,.T.);
#223=FACE_OUTER_BOUND('',#325,.T.);
#224=FACE_OUTER_BOUND('',#326,.T.);
#225=FACE_OUTER_BOUND('',#327,.T.);
#226=FACE_OUTER_BOUND('',#328,.T.);
#227=FACE_OUTER_BOUND('',#329,.T.);
#228=FACE_OUTER_BOUND('',#330,.T.);
#229=FACE_OUTER_BOUND('',#331,.T.);
#230=FACE_OUTER_BOUND('',#332,.T.);
#231=FACE_OUTER_BOUND('',#333,.T.);
#232=FACE_OUTER_BOUND('',#334,.T.);
#233=FACE_OUTER_BOUND('',#335,.T.);
#234=FACE_OUTER_BOUND('',#336,.T.);
#235=FACE_OUTER_BOUND('',#337,.T.);
#236=FACE_OUTER_BOUND('',#338,.T.);
#237=FACE_OUTER_BOUND('',#339,.T.);
#238=FACE_OUTER_BOUND('',#340,.T.);
#239=FACE_OUTER_BOUND('',#341,.T.);
#240=FACE_OUTER_BOUND('',#342,.T.);
#241=FACE_OUTER_BOUND('',#343,.T.);
#242=FACE_OUTER_BOUND('',#344,.T.);
#243=FACE_OUTER_BOUND('',#345,.T.);
#244=FACE_OUTER_BOUND('',#346,.T.);
#245=FACE_OUTER_BOUND('',#347,.T.);
#246=FACE_OUTER_BOUND('',#348,.T.);
#247=FACE_OUTER_BOUND('',#349,.T.);
#248=FACE_OUTER_BOUND('',#350,.T.);
#249=FACE_OUTER_BOUND('',#351,.T.);
#250=FACE_OUTER_BOUND('',#352,.T.);
#251=FACE_OUTER_BOUND('',#353,.T.);
#252=FACE_OUTER_BOUND('',#354,.T.);
#253=FACE_OUTER_BOUND('',#355,.T.);
#254=FACE_OUTER_BOUND('',#356,.T.);
#255=FACE_OUTER_BOUND('',#357,.T.);
#256=FACE_OUTER_BOUND('',#358,.T.);
#257=FACE_OUTER_BOUND('',#359,.T.);
#258=FACE_OUTER_BOUND('',#360,.T.);
#259=FACE_OUTER_BOUND('',#361,.T.);
#260=FACE_OUTER_BOUND('',#362,.T.);
#261=FACE_OUTER_BOUND('',#363,.T.);
#262=FACE_OUTER_BOUND('',#364,.T.);
#263=EDGE_LOOP('',(#1189,#1190,#1191,#1192));
#264=EDGE_LOOP('',(#1193,#1194,#1195,#1196));
#265=EDGE_LOOP('',(#1197,#1198,#1199,#1200));
#266=EDGE_LOOP('',(#1201,#1202,#1203,#1204));
#267=EDGE_LOOP('',(#1205,#1206,#1207,#1208,#1209,#1210,#1211,#1212,#1213,
#1214,#1215,#1216,#1217,#1218,#1219,#1220,#1221,#1222,#1223,#1224,#1225,
#1226,#1227,#1228,#1229,#1230,#1231,#1232,#1233,#1234,#1235,#1236,#1237,
#1238,#1239,#1240,#1241,#1242));
#268=EDGE_LOOP('',(#1243));
#269=EDGE_LOOP('',(#1244,#1245,#1246,#1247,#1248,#1249,#1250,#1251));
#270=EDGE_LOOP('',(#1252,#1253,#1254,#1255,#1256,#1257,#1258,#1259));
#271=EDGE_LOOP('',(#1260,#1261,#1262,#1263,#1264,#1265,#1266,#1267));
#272=EDGE_LOOP('',(#1268));
#273=EDGE_LOOP('',(#1269));
#274=EDGE_LOOP('',(#1270,#1271,#1272,#1273,#1274,#1275,#1276,#1277));
#275=EDGE_LOOP('',(#1278,#1279,#1280,#1281,#1282,#1283,#1284,#1285));
#276=EDGE_LOOP('',(#1286,#1287,#1288,#1289,#1290,#1291,#1292,#1293));
#277=EDGE_LOOP('',(#1294));
#278=EDGE_LOOP('',(#1295,#1296,#1297,#1298));
#279=EDGE_LOOP('',(#1299,#1300,#1301,#1302));
#280=EDGE_LOOP('',(#1303,#1304,#1305,#1306));
#281=EDGE_LOOP('',(#1307,#1308,#1309,#1310));
#282=EDGE_LOOP('',(#1311,#1312,#1313,#1314));
#283=EDGE_LOOP('',(#1315,#1316,#1317,#1318));
#284=EDGE_LOOP('',(#1319,#1320,#1321,#1322));
#285=EDGE_LOOP('',(#1323,#1324,#1325,#1326));
#286=EDGE_LOOP('',(#1327,#1328,#1329,#1330));
#287=EDGE_LOOP('',(#1331,#1332,#1333,#1334));
#288=EDGE_LOOP('',(#1335,#1336,#1337,#1338));
#289=EDGE_LOOP('',(#1339,#1340,#1341,#1342));
#290=EDGE_LOOP('',(#1343,#1344,#1345,#1346));
#291=EDGE_LOOP('',(#1347,#1348,#1349,#1350));
#292=EDGE_LOOP('',(#1351,#1352,#1353,#1354));
#293=EDGE_LOOP('',(#1355,#1356,#1357,#1358));
#294=EDGE_LOOP('',(#1359,#1360,#1361,#1362));
#295=EDGE_LOOP('',(#1363,#1364,#1365,#1366));
#296=EDGE_LOOP('',(#1367,#1368,#1369,#1370));
#297=EDGE_LOOP('',(#1371,#1372,#1373,#1374));
#298=EDGE_LOOP('',(#1375,#1376,#1377,#1378));
#299=EDGE_LOOP('',(#1379,#1380,#1381,#1382));
#300=EDGE_LOOP('',(#1383,#1384,#1385,#1386));
#301=EDGE_LOOP('',(#1387,#1388,#1389,#1390));
#302=EDGE_LOOP('',(#1391,#1392,#1393,#1394));
#303=EDGE_LOOP('',(#1395,#1396,#1397,#1398));
#304=EDGE_LOOP('',(#1399,#1400,#1401,#1402));
#305=EDGE_LOOP('',(#1403,#1404,#1405,#1406));
#306=EDGE_LOOP('',(#1407,#1408,#1409,#1410));
#307=EDGE_LOOP('',(#1411,#1412,#1413,#1414));
#308=EDGE_LOOP('',(#1415,#1416,#1417,#1418));
#309=EDGE_LOOP('',(#1419,#1420,#1421,#1422));
#310=EDGE_LOOP('',(#1423,#1424,#1425,#1426));
#311=EDGE_LOOP('',(#1427,#1428,#1429,#1430));
#312=EDGE_LOOP('',(#1431,#1432,#1433,#1434));
#313=EDGE_LOOP('',(#1435,#1436,#1437,#1438));
#314=EDGE_LOOP('',(#1439,#1440,#1441,#1442));
#315=EDGE_LOOP('',(#1443,#1444,#1445,#1446));
#316=EDGE_LOOP('',(#1447,#1448,#1449,#1450));
#317=EDGE_LOOP('',(#1451,#1452,#1453,#1454));
#318=EDGE_LOOP('',(#1455,#1456,#1457,#1458));
#319=EDGE_LOOP('',(#1459,#1460,#1461,#1462));
#320=EDGE_LOOP('',(#1463,#1464,#1465,#1466));
#321=EDGE_LOOP('',(#1467,#1468,#1469,#1470));
#322=EDGE_LOOP('',(#1471,#1472,#1473,#1474));
#323=EDGE_LOOP('',(#1475,#1476,#1477,#1478));
#324=EDGE_LOOP('',(#1479,#1480,#1481,#1482));
#325=EDGE_LOOP('',(#1483,#1484,#1485,#1486));
#326=EDGE_LOOP('',(#1487,#1488,#1489,#1490));
#327=EDGE_LOOP('',(#1491,#1492,#1493,#1494));
#328=EDGE_LOOP('',(#1495,#1496,#1497,#1498));
#329=EDGE_LOOP('',(#1499,#1500,#1501,#1502));
#330=EDGE_LOOP('',(#1503,#1504,#1505,#1506));
#331=EDGE_LOOP('',(#1507,#1508,#1509,#1510));
#332=EDGE_LOOP('',(#1511,#1512,#1513,#1514));
#333=EDGE_LOOP('',(#1515,#1516,#1517,#1518));
#334=EDGE_LOOP('',(#1519,#1520,#1521,#1522));
#335=EDGE_LOOP('',(#1523,#1524,#1525,#1526));
#336=EDGE_LOOP('',(#1527,#1528,#1529,#1530));
#337=EDGE_LOOP('',(#1531,#1532,#1533,#1534));
#338=EDGE_LOOP('',(#1535,#1536,#1537,#1538));
#339=EDGE_LOOP('',(#1539,#1540,#1541,#1542));
#340=EDGE_LOOP('',(#1543,#1544,#1545,#1546));
#341=EDGE_LOOP('',(#1547,#1548,#1549,#1550));
#342=EDGE_LOOP('',(#1551,#1552,#1553,#1554));
#343=EDGE_LOOP('',(#1555,#1556,#1557,#1558));
#344=EDGE_LOOP('',(#1559,#1560,#1561,#1562));
#345=EDGE_LOOP('',(#1563,#1564,#1565,#1566));
#346=EDGE_LOOP('',(#1567,#1568,#1569,#1570));
#347=EDGE_LOOP('',(#1571,#1572,#1573,#1574));
#348=EDGE_LOOP('',(#1575,#1576,#1577,#1578));
#349=EDGE_LOOP('',(#1579,#1580,#1581,#1582));
#350=EDGE_LOOP('',(#1583,#1584,#1585,#1586));
#351=EDGE_LOOP('',(#1587,#1588,#1589,#1590));
#352=EDGE_LOOP('',(#1591,#1592,#1593,#1594));
#353=EDGE_LOOP('',(#1595,#1596,#1597,#1598));
#354=EDGE_LOOP('',(#1599,#1600,#1601,#1602));
#355=EDGE_LOOP('',(#1603,#1604,#1605,#1606));
#356=EDGE_LOOP('',(#1607,#1608,#1609,#1610));
#357=EDGE_LOOP('',(#1611,#1612,#1613,#1614));
#358=EDGE_LOOP('',(#1615,#1616,#1617,#1618));
#359=EDGE_LOOP('',(#1619,#1620,#1621,#1622));
#360=EDGE_LOOP('',(#1623,#1624,#1625,#1626));
#361=EDGE_LOOP('',(#1627,#1628,#1629,#1630));
#362=EDGE_LOOP('',(#1631,#1632,#1633,#1634));
#363=EDGE_LOOP('',(#1635,#1636,#1637,#1638));
#364=EDGE_LOOP('',(#1639,#1640,#1641,#1642,#1643,#1644,#1645,#1646,#1647,
#1648,#1649,#1650,#1651,#1652,#1653,#1654,#1655,#1656,#1657,#1658,#1659,
#1660,#1661,#1662,#1663,#1664,#1665,#1666,#1667,#1668,#1669,#1670,#1671,
#1672,#1673,#1674,#1675,#1676));
#365=EDGE_LOOP('',(#1677));
#366=EDGE_LOOP('',(#1678,#1679,#1680,#1681,#1682,#1683,#1684,#1685));
#367=EDGE_LOOP('',(#1686,#1687,#1688,#1689,#1690,#1691,#1692,#1693));
#368=EDGE_LOOP('',(#1694,#1695,#1696,#1697,#1698,#1699,#1700,#1701));
#369=EDGE_LOOP('',(#1702));
#370=EDGE_LOOP('',(#1703));
#371=EDGE_LOOP('',(#1704,#1705,#1706,#1707,#1708,#1709,#1710,#1711));
#372=EDGE_LOOP('',(#1712,#1713,#1714,#1715,#1716,#1717,#1718,#1719));
#373=EDGE_LOOP('',(#1720,#1721,#1722,#1723,#1724,#1725,#1726,#1727));
#374=EDGE_LOOP('',(#1728));
#375=LINE('',#2618,#557);
#376=LINE('',#2620,#558);
#377=LINE('',#2622,#559);
#378=LINE('',#2623,#560);
#379=LINE('',#2626,#561);
#380=LINE('',#2628,#562);
#381=LINE('',#2629,#563);
#382=LINE('',#2632,#564);
#383=LINE('',#2634,#565);
#384=LINE('',#2635,#566);
#385=LINE('',#2641,#567);
#386=LINE('',#2644,#568);
#387=LINE('',#2647,#569);
#388=LINE('',#2651,#570);
#389=LINE('',#2655,#571);
#390=LINE('',#2657,#572);
#391=LINE('',#2659,#573);
#392=LINE('',#2663,#574);
#393=LINE('',#2667,#575);
#394=LINE('',#2671,#576);
#395=LINE('',#2675,#577);
#396=LINE('',#2679,#578);
#397=LINE('',#2683,#579);
#398=LINE('',#2687,#580);
#399=LINE('',#2691,#581);
#400=LINE('',#2695,#582);
#401=LINE('',#2699,#583);
#402=LINE('',#2703,#584);
#403=LINE('',#2706,#585);
#404=LINE('',#2708,#586);
#405=LINE('',#2711,#587);
#406=LINE('',#2718,#588);
#407=LINE('',#2722,#589);
#408=LINE('',#2726,#590);
#409=LINE('',#2729,#591);
#410=LINE('',#2734,#592);
#411=LINE('',#2738,#593);
#412=LINE('',#2742,#594);
#413=LINE('',#2745,#595);
#414=LINE('',#2750,#596);
#415=LINE('',#2754,#597);
#416=LINE('',#2758,#598);
#417=LINE('',#2761,#599);
#418=LINE('',#2770,#600);
#419=LINE('',#2774,#601);
#420=LINE('',#2778,#602);
#421=LINE('',#2781,#603);
#422=LINE('',#2786,#604);
#423=LINE('',#2790,#605);
#424=LINE('',#2794,#606);
#425=LINE('',#2797,#607);
#426=LINE('',#2802,#608);
#427=LINE('',#2806,#609);
#428=LINE('',#2810,#610);
#429=LINE('',#2813,#611);
#430=LINE('',#2818,#612);
#431=LINE('',#2819,#613);
#432=LINE('',#2823,#614);
#433=LINE('',#2828,#615);
#434=LINE('',#2829,#616);
#435=LINE('',#2832,#617);
#436=LINE('',#2833,#618);
#437=LINE('',#2838,#619);
#438=LINE('',#2839,#620);
#439=LINE('',#2842,#621);
#440=LINE('',#2843,#622);
#441=LINE('',#2847,#623);
#442=LINE('',#2850,#624);
#443=LINE('',#2852,#625);
#444=LINE('',#2853,#626);
#445=LINE('',#2857,#627);
#446=LINE('',#2860,#628);
#447=LINE('',#2861,#629);
#448=LINE('',#2865,#630);
#449=LINE('',#2868,#631);
#450=LINE('',#2869,#632);
#451=LINE('',#2873,#633);
#452=LINE('',#2876,#634);
#453=LINE('',#2877,#635);
#454=LINE('',#2882,#636);
#455=LINE('',#2884,#637);
#456=LINE('',#2885,#638);
#457=LINE('',#2889,#639);
#458=LINE('',#2892,#640);
#459=LINE('',#2893,#641);
#460=LINE('',#2897,#642);
#461=LINE('',#2900,#643);
#462=LINE('',#2901,#644);
#463=LINE('',#2905,#645);
#464=LINE('',#2908,#646);
#465=LINE('',#2909,#647);
#466=LINE('',#2914,#648);
#467=LINE('',#2916,#649);
#468=LINE('',#2917,#650);
#469=LINE('',#2921,#651);
#470=LINE('',#2924,#652);
#471=LINE('',#2925,#653);
#472=LINE('',#2929,#654);
#473=LINE('',#2932,#655);
#474=LINE('',#2933,#656);
#475=LINE('',#2937,#657);
#476=LINE('',#2940,#658);
#477=LINE('',#2941,#659);
#478=LINE('',#2947,#660);
#479=LINE('',#2951,#661);
#480=LINE('',#2954,#662);
#481=LINE('',#2956,#663);
#482=LINE('',#2957,#664);
#483=LINE('',#2961,#665);
#484=LINE('',#2964,#666);
#485=LINE('',#2965,#667);
#486=LINE('',#2969,#668);
#487=LINE('',#2972,#669);
#488=LINE('',#2973,#670);
#489=LINE('',#2977,#671);
#490=LINE('',#2980,#672);
#491=LINE('',#2981,#673);
#492=LINE('',#2986,#674);
#493=LINE('',#2988,#675);
#494=LINE('',#2989,#676);
#495=LINE('',#2993,#677);
#496=LINE('',#2996,#678);
#497=LINE('',#2997,#679);
#498=LINE('',#3001,#680);
#499=LINE('',#3004,#681);
#500=LINE('',#3005,#682);
#501=LINE('',#3009,#683);
#502=LINE('',#3012,#684);
#503=LINE('',#3013,#685);
#504=LINE('',#3018,#686);
#505=LINE('',#3020,#687);
#506=LINE('',#3021,#688);
#507=LINE('',#3025,#689);
#508=LINE('',#3028,#690);
#509=LINE('',#3029,#691);
#510=LINE('',#3033,#692);
#511=LINE('',#3036,#693);
#512=LINE('',#3037,#694);
#513=LINE('',#3041,#695);
#514=LINE('',#3044,#696);
#515=LINE('',#3045,#697);
#516=LINE('',#3051,#698);
#517=LINE('',#3054,#699);
#518=LINE('',#3056,#700);
#519=LINE('',#3057,#701);
#520=LINE('',#3061,#702);
#521=LINE('',#3064,#703);
#522=LINE('',#3065,#704);
#523=LINE('',#3069,#705);
#524=LINE('',#3072,#706);
#525=LINE('',#3073,#707);
#526=LINE('',#3077,#708);
#527=LINE('',#3080,#709);
#528=LINE('',#3081,#710);
#529=LINE('',#3085,#711);
#530=LINE('',#3088,#712);
#531=LINE('',#3089,#713);
#532=LINE('',#3093,#714);
#533=LINE('',#3096,#715);
#534=LINE('',#3097,#716);
#535=LINE('',#3101,#717);
#536=LINE('',#3104,#718);
#537=LINE('',#3105,#719);
#538=LINE('',#3109,#720);
#539=LINE('',#3112,#721);
#540=LINE('',#3113,#722);
#541=LINE('',#3117,#723);
#542=LINE('',#3119,#724);
#543=LINE('',#3121,#725);
#544=LINE('',#3124,#726);
#545=LINE('',#3125,#727);
#546=LINE('',#3128,#728);
#547=LINE('',#3129,#729);
#548=LINE('',#3133,#730);
#549=LINE('',#3136,#731);
#550=LINE('',#3137,#732);
#551=LINE('',#3141,#733);
#552=LINE('',#3144,#734);
#553=LINE('',#3145,#735);
#554=LINE('',#3149,#736);
#555=LINE('',#3152,#737);
#556=LINE('',#3153,#738);
#557=VECTOR('',#2071,10.);
#558=VECTOR('',#2072,10.);
#559=VECTOR('',#2073,10.);
#560=VECTOR('',#2074,10.);
#561=VECTOR('',#2077,10.);
#562=VECTOR('',#2078,10.);
#563=VECTOR('',#2079,10.);
#564=VECTOR('',#2082,10.);
#565=VECTOR('',#2083,10.);
#566=VECTOR('',#2084,10.);
#567=VECTOR('',#2089,10.);
#568=VECTOR('',#2092,10.);
#569=VECTOR('',#2095,10.);
#570=VECTOR('',#2098,10.);
#571=VECTOR('',#2101,10.);
#572=VECTOR('',#2102,10.);
#573=VECTOR('',#2103,10.);
#574=VECTOR('',#2106,10.);
#575=VECTOR('',#2109,10.);
#576=VECTOR('',#2112,10.);
#577=VECTOR('',#2115,10.);
#578=VECTOR('',#2118,10.);
#579=VECTOR('',#2121,10.);
#580=VECTOR('',#2124,10.);
#581=VECTOR('',#2127,10.);
#582=VECTOR('',#2130,10.);
#583=VECTOR('',#2133,10.);
#584=VECTOR('',#2136,10.);
#585=VECTOR('',#2139,10.);
#586=VECTOR('',#2140,10.);
#587=VECTOR('',#2143,10.);
#588=VECTOR('',#2148,10.);
#589=VECTOR('',#2151,10.);
#590=VECTOR('',#2154,10.);
#591=VECTOR('',#2157,10.);
#592=VECTOR('',#2160,10.);
#593=VECTOR('',#2163,10.);
#594=VECTOR('',#2166,10.);
#595=VECTOR('',#2169,10.);
#596=VECTOR('',#2172,10.);
#597=VECTOR('',#2175,10.);
#598=VECTOR('',#2178,10.);
#599=VECTOR('',#2181,10.);
#600=VECTOR('',#2188,10.);
#601=VECTOR('',#2191,10.);
#602=VECTOR('',#2194,10.);
#603=VECTOR('',#2197,10.);
#604=VECTOR('',#2200,10.);
#605=VECTOR('',#2203,10.);
#606=VECTOR('',#2206,10.);
#607=VECTOR('',#2209,10.);
#608=VECTOR('',#2212,10.);
#609=VECTOR('',#2215,10.);
#610=VECTOR('',#2218,10.);
#611=VECTOR('',#2221,10.);
#612=VECTOR('',#2226,10.);
#613=VECTOR('',#2227,10.);
#614=VECTOR('',#2232,10.);
#615=VECTOR('',#2237,10.);
#616=VECTOR('',#2238,10.);
#617=VECTOR('',#2241,10.);
#618=VECTOR('',#2242,10.);
#619=VECTOR('',#2247,10.);
#620=VECTOR('',#2248,10.);
#621=VECTOR('',#2251,10.);
#622=VECTOR('',#2252,10.);
#623=VECTOR('',#2257,1.7);
#624=VECTOR('',#2260,10.);
#625=VECTOR('',#2261,10.);
#626=VECTOR('',#2262,10.);
#627=VECTOR('',#2267,10.);
#628=VECTOR('',#2270,10.);
#629=VECTOR('',#2271,10.);
#630=VECTOR('',#2276,10.);
#631=VECTOR('',#2279,10.);
#632=VECTOR('',#2280,10.);
#633=VECTOR('',#2285,10.);
#634=VECTOR('',#2288,10.);
#635=VECTOR('',#2289,10.);
#636=VECTOR('',#2296,10.);
#637=VECTOR('',#2297,10.);
#638=VECTOR('',#2298,10.);
#639=VECTOR('',#2303,10.);
#640=VECTOR('',#2306,10.);
#641=VECTOR('',#2307,10.);
#642=VECTOR('',#2312,10.);
#643=VECTOR('',#2315,10.);
#644=VECTOR('',#2316,10.);
#645=VECTOR('',#2321,10.);
#646=VECTOR('',#2324,10.);
#647=VECTOR('',#2325,10.);
#648=VECTOR('',#2332,10.);
#649=VECTOR('',#2333,10.);
#650=VECTOR('',#2334,10.);
#651=VECTOR('',#2339,10.);
#652=VECTOR('',#2342,10.);
#653=VECTOR('',#2343,10.);
#654=VECTOR('',#2348,10.);
#655=VECTOR('',#2351,10.);
#656=VECTOR('',#2352,10.);
#657=VECTOR('',#2357,10.);
#658=VECTOR('',#2360,10.);
#659=VECTOR('',#2361,10.);
#660=VECTOR('',#2370,1.7);
#661=VECTOR('',#2375,1.7);
#662=VECTOR('',#2378,10.);
#663=VECTOR('',#2379,10.);
#664=VECTOR('',#2380,10.);
#665=VECTOR('',#2385,10.);
#666=VECTOR('',#2388,10.);
#667=VECTOR('',#2389,10.);
#668=VECTOR('',#2394,10.);
#669=VECTOR('',#2397,10.);
#670=VECTOR('',#2398,10.);
#671=VECTOR('',#2403,10.);
#672=VECTOR('',#2406,10.);
#673=VECTOR('',#2407,10.);
#674=VECTOR('',#2414,10.);
#675=VECTOR('',#2415,10.);
#676=VECTOR('',#2416,10.);
#677=VECTOR('',#2421,10.);
#678=VECTOR('',#2424,10.);
#679=VECTOR('',#2425,10.);
#680=VECTOR('',#2430,10.);
#681=VECTOR('',#2433,10.);
#682=VECTOR('',#2434,10.);
#683=VECTOR('',#2439,10.);
#684=VECTOR('',#2442,10.);
#685=VECTOR('',#2443,10.);
#686=VECTOR('',#2450,10.);
#687=VECTOR('',#2451,10.);
#688=VECTOR('',#2452,10.);
#689=VECTOR('',#2457,10.);
#690=VECTOR('',#2460,10.);
#691=VECTOR('',#2461,10.);
#692=VECTOR('',#2466,10.);
#693=VECTOR('',#2469,10.);
#694=VECTOR('',#2470,10.);
#695=VECTOR('',#2475,10.);
#696=VECTOR('',#2478,10.);
#697=VECTOR('',#2479,10.);
#698=VECTOR('',#2488,1.7);
#699=VECTOR('',#2491,10.);
#700=VECTOR('',#2492,10.);
#701=VECTOR('',#2493,10.);
#702=VECTOR('',#2498,10.);
#703=VECTOR('',#2501,10.);
#704=VECTOR('',#2502,10.);
#705=VECTOR('',#2507,10.);
#706=VECTOR('',#2510,10.);
#707=VECTOR('',#2511,10.);
#708=VECTOR('',#2516,10.);
#709=VECTOR('',#2519,10.);
#710=VECTOR('',#2520,10.);
#711=VECTOR('',#2525,10.);
#712=VECTOR('',#2528,10.);
#713=VECTOR('',#2529,10.);
#714=VECTOR('',#2534,10.);
#715=VECTOR('',#2537,10.);
#716=VECTOR('',#2538,10.);
#717=VECTOR('',#2543,10.);
#718=VECTOR('',#2546,10.);
#719=VECTOR('',#2547,10.);
#720=VECTOR('',#2552,10.);
#721=VECTOR('',#2555,10.);
#722=VECTOR('',#2556,10.);
#723=VECTOR('',#2563,10.);
#724=VECTOR('',#2566,10.);
#725=VECTOR('',#2569,10.);
#726=VECTOR('',#2572,10.);
#727=VECTOR('',#2573,10.);
#728=VECTOR('',#2576,10.);
#729=VECTOR('',#2577,10.);
#730=VECTOR('',#2582,10.);
#731=VECTOR('',#2585,10.);
#732=VECTOR('',#2586,10.);
#733=VECTOR('',#2591,10.);
#734=VECTOR('',#2594,10.);
#735=VECTOR('',#2595,10.);
#736=VECTOR('',#2600,10.);
#737=VECTOR('',#2603,10.);
#738=VECTOR('',#2604,10.);
#739=VERTEX_POINT('',#2616);
#740=VERTEX_POINT('',#2617);
#741=VERTEX_POINT('',#2619);
#742=VERTEX_POINT('',#2621);
#743=VERTEX_POINT('',#2625);
#744=VERTEX_POINT('',#2627);
#745=VERTEX_POINT('',#2631);
#746=VERTEX_POINT('',#2633);
#747=VERTEX_POINT('',#2637);
#748=VERTEX_POINT('',#2638);
#749=VERTEX_POINT('',#2640);
#750=VERTEX_POINT('',#2642);
#751=VERTEX_POINT('',#2646);
#752=VERTEX_POINT('',#2648);
#753=VERTEX_POINT('',#2650);
#754=VERTEX_POINT('',#2652);
#755=VERTEX_POINT('',#2654);
#756=VERTEX_POINT('',#2656);
#757=VERTEX_POINT('',#2658);
#758=VERTEX_POINT('',#2660);
#759=VERTEX_POINT('',#2662);
#760=VERTEX_POINT('',#2664);
#761=VERTEX_POINT('',#2666);
#762=VERTEX_POINT('',#2668);
#763=VERTEX_POINT('',#2670);
#764=VERTEX_POINT('',#2672);
#765=VERTEX_POINT('',#2674);
#766=VERTEX_POINT('',#2676);
#767=VERTEX_POINT('',#2678);
#768=VERTEX_POINT('',#2680);
#769=VERTEX_POINT('',#2682);
#770=VERTEX_POINT('',#2684);
#771=VERTEX_POINT('',#2686);
#772=VERTEX_POINT('',#2688);
#773=VERTEX_POINT('',#2690);
#774=VERTEX_POINT('',#2692);
#775=VERTEX_POINT('',#2694);
#776=VERTEX_POINT('',#2696);
#777=VERTEX_POINT('',#2698);
#778=VERTEX_POINT('',#2700);
#779=VERTEX_POINT('',#2702);
#780=VERTEX_POINT('',#2705);
#781=VERTEX_POINT('',#2707);
#782=VERTEX_POINT('',#2709);
#783=VERTEX_POINT('',#2712);
#784=VERTEX_POINT('',#2714);
#785=VERTEX_POINT('',#2715);
#786=VERTEX_POINT('',#2717);
#787=VERTEX_POINT('',#2719);
#788=VERTEX_POINT('',#2721);
#789=VERTEX_POINT('',#2723);
#790=VERTEX_POINT('',#2725);
#791=VERTEX_POINT('',#2727);
#792=VERTEX_POINT('',#2730);
#793=VERTEX_POINT('',#2731);
#794=VERTEX_POINT('',#2733);
#795=VERTEX_POINT('',#2735);
#796=VERTEX_POINT('',#2737);
#797=VERTEX_POINT('',#2739);
#798=VERTEX_POINT('',#2741);
#799=VERTEX_POINT('',#2743);
#800=VERTEX_POINT('',#2746);
#801=VERTEX_POINT('',#2747);
#802=VERTEX_POINT('',#2749);
#803=VERTEX_POINT('',#2751);
#804=VERTEX_POINT('',#2753);
#805=VERTEX_POINT('',#2755);
#806=VERTEX_POINT('',#2757);
#807=VERTEX_POINT('',#2759);
#808=VERTEX_POINT('',#2762);
#809=VERTEX_POINT('',#2764);
#810=VERTEX_POINT('',#2766);
#811=VERTEX_POINT('',#2767);
#812=VERTEX_POINT('',#2769);
#813=VERTEX_POINT('',#2771);
#814=VERTEX_POINT('',#2773);
#815=VERTEX_POINT('',#2775);
#816=VERTEX_POINT('',#2777);
#817=VERTEX_POINT('',#2779);
#818=VERTEX_POINT('',#2782);
#819=VERTEX_POINT('',#2783);
#820=VERTEX_POINT('',#2785);
#821=VERTEX_POINT('',#2787);
#822=VERTEX_POINT('',#2789);
#823=VERTEX_POINT('',#2791);
#824=VERTEX_POINT('',#2793);
#825=VERTEX_POINT('',#2795);
#826=VERTEX_POINT('',#2798);
#827=VERTEX_POINT('',#2799);
#828=VERTEX_POINT('',#2801);
#829=VERTEX_POINT('',#2803);
#830=VERTEX_POINT('',#2805);
#831=VERTEX_POINT('',#2807);
#832=VERTEX_POINT('',#2809);
#833=VERTEX_POINT('',#2811);
#834=VERTEX_POINT('',#2814);
#835=VERTEX_POINT('',#2817);
#836=VERTEX_POINT('',#2821);
#837=VERTEX_POINT('',#2825);
#838=VERTEX_POINT('',#2826);
#839=VERTEX_POINT('',#2831);
#840=VERTEX_POINT('',#2835);
#841=VERTEX_POINT('',#2836);
#842=VERTEX_POINT('',#2841);
#843=VERTEX_POINT('',#2845);
#844=VERTEX_POINT('',#2849);
#845=VERTEX_POINT('',#2851);
#846=VERTEX_POINT('',#2855);
#847=VERTEX_POINT('',#2859);
#848=VERTEX_POINT('',#2863);
#849=VERTEX_POINT('',#2867);
#850=VERTEX_POINT('',#2871);
#851=VERTEX_POINT('',#2875);
#852=VERTEX_POINT('',#2881);
#853=VERTEX_POINT('',#2883);
#854=VERTEX_POINT('',#2887);
#855=VERTEX_POINT('',#2891);
#856=VERTEX_POINT('',#2895);
#857=VERTEX_POINT('',#2899);
#858=VERTEX_POINT('',#2903);
#859=VERTEX_POINT('',#2907);
#860=VERTEX_POINT('',#2913);
#861=VERTEX_POINT('',#2915);
#862=VERTEX_POINT('',#2919);
#863=VERTEX_POINT('',#2923);
#864=VERTEX_POINT('',#2927);
#865=VERTEX_POINT('',#2931);
#866=VERTEX_POINT('',#2935);
#867=VERTEX_POINT('',#2939);
#868=VERTEX_POINT('',#2945);
#869=VERTEX_POINT('',#2949);
#870=VERTEX_POINT('',#2953);
#871=VERTEX_POINT('',#2955);
#872=VERTEX_POINT('',#2959);
#873=VERTEX_POINT('',#2963);
#874=VERTEX_POINT('',#2967);
#875=VERTEX_POINT('',#2971);
#876=VERTEX_POINT('',#2975);
#877=VERTEX_POINT('',#2979);
#878=VERTEX_POINT('',#2985);
#879=VERTEX_POINT('',#2987);
#880=VERTEX_POINT('',#2991);
#881=VERTEX_POINT('',#2995);
#882=VERTEX_POINT('',#2999);
#883=VERTEX_POINT('',#3003);
#884=VERTEX_POINT('',#3007);
#885=VERTEX_POINT('',#3011);
#886=VERTEX_POINT('',#3017);
#887=VERTEX_POINT('',#3019);
#888=VERTEX_POINT('',#3023);
#889=VERTEX_POINT('',#3027);
#890=VERTEX_POINT('',#3031);
#891=VERTEX_POINT('',#3035);
#892=VERTEX_POINT('',#3039);
#893=VERTEX_POINT('',#3043);
#894=VERTEX_POINT('',#3049);
#895=VERTEX_POINT('',#3053);
#896=VERTEX_POINT('',#3055);
#897=VERTEX_POINT('',#3059);
#898=VERTEX_POINT('',#3063);
#899=VERTEX_POINT('',#3067);
#900=VERTEX_POINT('',#3071);
#901=VERTEX_POINT('',#3075);
#902=VERTEX_POINT('',#3079);
#903=VERTEX_POINT('',#3083);
#904=VERTEX_POINT('',#3087);
#905=VERTEX_POINT('',#3091);
#906=VERTEX_POINT('',#3095);
#907=VERTEX_POINT('',#3099);
#908=VERTEX_POINT('',#3103);
#909=VERTEX_POINT('',#3107);
#910=VERTEX_POINT('',#3111);
#911=VERTEX_POINT('',#3123);
#912=VERTEX_POINT('',#3127);
#913=VERTEX_POINT('',#3131);
#914=VERTEX_POINT('',#3135);
#915=VERTEX_POINT('',#3139);
#916=VERTEX_POINT('',#3143);
#917=VERTEX_POINT('',#3147);
#918=VERTEX_POINT('',#3151);
#919=EDGE_CURVE('',#739,#740,#375,.T.);
#920=EDGE_CURVE('',#739,#741,#376,.T.);
#921=EDGE_CURVE('',#741,#742,#377,.T.);
#922=EDGE_CURVE('',#742,#740,#378,.T.);
#923=EDGE_CURVE('',#740,#743,#379,.T.);
#924=EDGE_CURVE('',#744,#743,#380,.T.);
#925=EDGE_CURVE('',#744,#739,#381,.T.);
#926=EDGE_CURVE('',#745,#743,#382,.T.);
#927=EDGE_CURVE('',#745,#746,#383,.T.);
#928=EDGE_CURVE('',#744,#746,#384,.T.);
#929=EDGE_CURVE('',#747,#748,#39,.T.);
#930=EDGE_CURVE('',#748,#749,#385,.T.);
#931=EDGE_CURVE('',#749,#750,#40,.T.);
#932=EDGE_CURVE('',#750,#747,#386,.T.);
#933=EDGE_CURVE('',#751,#749,#387,.T.);
#934=EDGE_CURVE('',#752,#751,#41,.T.);
#935=EDGE_CURVE('',#753,#752,#388,.T.);
#936=EDGE_CURVE('',#754,#753,#42,.T.);
#937=EDGE_CURVE('',#755,#754,#389,.T.);
#938=EDGE_CURVE('',#755,#756,#390,.T.);
#939=EDGE_CURVE('',#756,#757,#391,.T.);
#940=EDGE_CURVE('',#758,#757,#43,.T.);
#941=EDGE_CURVE('',#759,#758,#392,.T.);
#942=EDGE_CURVE('',#760,#759,#44,.T.);
#943=EDGE_CURVE('',#761,#760,#393,.T.);
#944=EDGE_CURVE('',#762,#761,#45,.T.);
#945=EDGE_CURVE('',#763,#762,#394,.T.);
#946=EDGE_CURVE('',#764,#763,#46,.T.);
#947=EDGE_CURVE('',#764,#765,#395,.T.);
#948=EDGE_CURVE('',#766,#765,#47,.T.);
#949=EDGE_CURVE('',#767,#766,#396,.T.);
#950=EDGE_CURVE('',#768,#767,#48,.T.);
#951=EDGE_CURVE('',#769,#768,#397,.T.);
#952=EDGE_CURVE('',#770,#769,#49,.T.);
#953=EDGE_CURVE('',#771,#770,#398,.T.);
#954=EDGE_CURVE('',#772,#771,#50,.T.);
#955=EDGE_CURVE('',#772,#773,#399,.T.);
#956=EDGE_CURVE('',#774,#773,#51,.T.);
#957=EDGE_CURVE('',#775,#774,#400,.T.);
#958=EDGE_CURVE('',#776,#775,#52,.T.);
#959=EDGE_CURVE('',#777,#776,#401,.T.);
#960=EDGE_CURVE('',#778,#777,#53,.T.);
#961=EDGE_CURVE('',#779,#778,#402,.T.);
#962=EDGE_CURVE('',#745,#779,#54,.T.);
#963=EDGE_CURVE('',#742,#780,#403,.T.);
#964=EDGE_CURVE('',#781,#780,#404,.T.);
#965=EDGE_CURVE('',#782,#781,#55,.T.);
#966=EDGE_CURVE('',#750,#782,#405,.T.);
#967=EDGE_CURVE('',#783,#783,#56,.T.);
#968=EDGE_CURVE('',#784,#785,#57,.T.);
#969=EDGE_CURVE('',#786,#784,#406,.T.);
#970=EDGE_CURVE('',#787,#786,#58,.T.);
#971=EDGE_CURVE('',#788,#787,#407,.T.);
#972=EDGE_CURVE('',#789,#788,#59,.T.);
#973=EDGE_CURVE('',#790,#789,#408,.T.);
#974=EDGE_CURVE('',#791,#790,#60,.T.);
#975=EDGE_CURVE('',#785,#791,#409,.T.);
#976=EDGE_CURVE('',#792,#793,#61,.T.);
#977=EDGE_CURVE('',#794,#792,#410,.T.);
#978=EDGE_CURVE('',#795,#794,#62,.T.);
#979=EDGE_CURVE('',#796,#795,#411,.T.);
#980=EDGE_CURVE('',#797,#796,#63,.T.);
#981=EDGE_CURVE('',#798,#797,#412,.T.);
#982=EDGE_CURVE('',#799,#798,#64,.T.);
#983=EDGE_CURVE('',#793,#799,#413,.T.);
#984=EDGE_CURVE('',#800,#801,#65,.T.);
#985=EDGE_CURVE('',#802,#800,#414,.T.);
#986=EDGE_CURVE('',#803,#802,#66,.T.);
#987=EDGE_CURVE('',#804,#803,#415,.T.);
#988=EDGE_CURVE('',#805,#804,#67,.T.);
#989=EDGE_CURVE('',#806,#805,#416,.T.);
#990=EDGE_CURVE('',#807,#806,#68,.T.);
#991=EDGE_CURVE('',#801,#807,#417,.T.);
#992=EDGE_CURVE('',#808,#808,#69,.T.);
#993=EDGE_CURVE('',#809,#809,#70,.T.);
#994=EDGE_CURVE('',#810,#811,#71,.T.);
#995=EDGE_CURVE('',#812,#810,#418,.T.);
#996=EDGE_CURVE('',#813,#812,#72,.T.);
#997=EDGE_CURVE('',#814,#813,#419,.T.);
#998=EDGE_CURVE('',#815,#814,#73,.T.);
#999=EDGE_CURVE('',#816,#815,#420,.T.);
#1000=EDGE_CURVE('',#817,#816,#74,.T.);
#1001=EDGE_CURVE('',#811,#817,#421,.T.);
#1002=EDGE_CURVE('',#818,#819,#75,.T.);
#1003=EDGE_CURVE('',#820,#818,#422,.T.);
#1004=EDGE_CURVE('',#821,#820,#76,.T.);
#1005=EDGE_CURVE('',#822,#821,#423,.T.);
#1006=EDGE_CURVE('',#823,#822,#77,.T.);
#1007=EDGE_CURVE('',#824,#823,#424,.T.);
#1008=EDGE_CURVE('',#825,#824,#78,.T.);
#1009=EDGE_CURVE('',#819,#825,#425,.T.);
#1010=EDGE_CURVE('',#826,#827,#79,.T.);
#1011=EDGE_CURVE('',#828,#826,#426,.T.);
#1012=EDGE_CURVE('',#829,#828,#80,.T.);
#1013=EDGE_CURVE('',#830,#829,#427,.T.);
#1014=EDGE_CURVE('',#831,#830,#81,.T.);
#1015=EDGE_CURVE('',#832,#831,#428,.T.);
#1016=EDGE_CURVE('',#833,#832,#82,.T.);
#1017=EDGE_CURVE('',#827,#833,#429,.T.);
#1018=EDGE_CURVE('',#834,#834,#83,.T.);
#1019=EDGE_CURVE('',#835,#748,#430,.T.);
#1020=EDGE_CURVE('',#751,#835,#431,.T.);
#1021=EDGE_CURVE('',#835,#836,#84,.T.);
#1022=EDGE_CURVE('',#836,#752,#432,.T.);
#1023=EDGE_CURVE('',#837,#838,#85,.T.);
#1024=EDGE_CURVE('',#838,#782,#433,.T.);
#1025=EDGE_CURVE('',#781,#837,#434,.T.);
#1026=EDGE_CURVE('',#780,#839,#435,.T.);
#1027=EDGE_CURVE('',#837,#839,#436,.T.);
#1028=EDGE_CURVE('',#840,#841,#86,.T.);
#1029=EDGE_CURVE('',#841,#754,#437,.T.);
#1030=EDGE_CURVE('',#753,#840,#438,.T.);
#1031=EDGE_CURVE('',#842,#841,#439,.T.);
#1032=EDGE_CURVE('',#755,#842,#440,.T.);
#1033=EDGE_CURVE('',#843,#843,#87,.T.);
#1034=EDGE_CURVE('',#843,#834,#441,.T.);
#1035=EDGE_CURVE('',#826,#844,#442,.T.);
#1036=EDGE_CURVE('',#845,#844,#443,.T.);
#1037=EDGE_CURVE('',#828,#845,#444,.T.);
#1038=EDGE_CURVE('',#846,#845,#88,.T.);
#1039=EDGE_CURVE('',#829,#846,#445,.T.);
#1040=EDGE_CURVE('',#847,#846,#446,.T.);
#1041=EDGE_CURVE('',#830,#847,#447,.T.);
#1042=EDGE_CURVE('',#848,#847,#89,.T.);
#1043=EDGE_CURVE('',#831,#848,#448,.T.);
#1044=EDGE_CURVE('',#849,#848,#449,.T.);
#1045=EDGE_CURVE('',#832,#849,#450,.T.);
#1046=EDGE_CURVE('',#850,#849,#90,.T.);
#1047=EDGE_CURVE('',#833,#850,#451,.T.);
#1048=EDGE_CURVE('',#851,#850,#452,.T.);
#1049=EDGE_CURVE('',#827,#851,#453,.T.);
#1050=EDGE_CURVE('',#844,#851,#91,.T.);
#1051=EDGE_CURVE('',#818,#852,#454,.T.);
#1052=EDGE_CURVE('',#853,#852,#455,.T.);
#1053=EDGE_CURVE('',#820,#853,#456,.T.);
#1054=EDGE_CURVE('',#854,#853,#92,.T.);
#1055=EDGE_CURVE('',#821,#854,#457,.T.);
#1056=EDGE_CURVE('',#855,#854,#458,.T.);
#1057=EDGE_CURVE('',#822,#855,#459,.T.);
#1058=EDGE_CURVE('',#856,#855,#93,.T.);
#1059=EDGE_CURVE('',#823,#856,#460,.T.);
#1060=EDGE_CURVE('',#857,#856,#461,.T.);
#1061=EDGE_CURVE('',#824,#857,#462,.T.);
#1062=EDGE_CURVE('',#858,#857,#94,.T.);
#1063=EDGE_CURVE('',#825,#858,#463,.T.);
#1064=EDGE_CURVE('',#859,#858,#464,.T.);
#1065=EDGE_CURVE('',#819,#859,#465,.T.);
#1066=EDGE_CURVE('',#852,#859,#95,.T.);
#1067=EDGE_CURVE('',#810,#860,#466,.T.);
#1068=EDGE_CURVE('',#861,#860,#467,.T.);
#1069=EDGE_CURVE('',#812,#861,#468,.T.);
#1070=EDGE_CURVE('',#862,#861,#96,.T.);
#1071=EDGE_CURVE('',#813,#862,#469,.T.);
#1072=EDGE_CURVE('',#863,#862,#470,.T.);
#1073=EDGE_CURVE('',#814,#863,#471,.T.);
#1074=EDGE_CURVE('',#864,#863,#97,.T.);
#1075=EDGE_CURVE('',#815,#864,#472,.T.);
#1076=EDGE_CURVE('',#865,#864,#473,.T.);
#1077=EDGE_CURVE('',#816,#865,#474,.T.);
#1078=EDGE_CURVE('',#866,#865,#98,.T.);
#1079=EDGE_CURVE('',#817,#866,#475,.T.);
#1080=EDGE_CURVE('',#867,#866,#476,.T.);
#1081=EDGE_CURVE('',#811,#867,#477,.T.);
#1082=EDGE_CURVE('',#860,#867,#99,.T.);
#1083=EDGE_CURVE('',#868,#868,#100,.T.);
#1084=EDGE_CURVE('',#868,#809,#478,.T.);
#1085=EDGE_CURVE('',#869,#869,#101,.T.);
#1086=EDGE_CURVE('',#869,#808,#479,.T.);
#1087=EDGE_CURVE('',#800,#870,#480,.T.);
#1088=EDGE_CURVE('',#871,#870,#481,.T.);
#1089=EDGE_CURVE('',#802,#871,#482,.T.);
#1090=EDGE_CURVE('',#872,#871,#102,.T.);
#1091=EDGE_CURVE('',#803,#872,#483,.T.);
#1092=EDGE_CURVE('',#873,#872,#484,.T.);
#1093=EDGE_CURVE('',#804,#873,#485,.T.);
#1094=EDGE_CURVE('',#874,#873,#103,.T.);
#1095=EDGE_CURVE('',#805,#874,#486,.T.);
#1096=EDGE_CURVE('',#875,#874,#487,.T.);
#1097=EDGE_CURVE('',#806,#875,#488,.T.);
#1098=EDGE_CURVE('',#876,#875,#104,.T.);
#1099=EDGE_CURVE('',#807,#876,#489,.T.);
#1100=EDGE_CURVE('',#877,#876,#490,.T.);
#1101=EDGE_CURVE('',#801,#877,#491,.T.);
#1102=EDGE_CURVE('',#870,#877,#105,.T.);
#1103=EDGE_CURVE('',#792,#878,#492,.T.);
#1104=EDGE_CURVE('',#879,#878,#493,.T.);
#1105=EDGE_CURVE('',#794,#879,#494,.T.);
#1106=EDGE_CURVE('',#880,#879,#106,.T.);
#1107=EDGE_CURVE('',#795,#880,#495,.T.);
#1108=EDGE_CURVE('',#881,#880,#496,.T.);
#1109=EDGE_CURVE('',#796,#881,#497,.T.);
#1110=EDGE_CURVE('',#882,#881,#107,.T.);
#1111=EDGE_CURVE('',#797,#882,#498,.T.);
#1112=EDGE_CURVE('',#883,#882,#499,.T.);
#1113=EDGE_CURVE('',#798,#883,#500,.T.);
#1114=EDGE_CURVE('',#884,#883,#108,.T.);
#1115=EDGE_CURVE('',#799,#884,#501,.T.);
#1116=EDGE_CURVE('',#885,#884,#502,.T.);
#1117=EDGE_CURVE('',#793,#885,#503,.T.);
#1118=EDGE_CURVE('',#878,#885,#109,.T.);
#1119=EDGE_CURVE('',#784,#886,#504,.T.);
#1120=EDGE_CURVE('',#887,#886,#505,.T.);
#1121=EDGE_CURVE('',#786,#887,#506,.T.);
#1122=EDGE_CURVE('',#888,#887,#110,.T.);
#1123=EDGE_CURVE('',#787,#888,#507,.T.);
#1124=EDGE_CURVE('',#889,#888,#508,.T.);
#1125=EDGE_CURVE('',#788,#889,#509,.T.);
#1126=EDGE_CURVE('',#890,#889,#111,.T.);
#1127=EDGE_CURVE('',#789,#890,#510,.T.);
#1128=EDGE_CURVE('',#891,#890,#511,.T.);
#1129=EDGE_CURVE('',#790,#891,#512,.T.);
#1130=EDGE_CURVE('',#892,#891,#112,.T.);
#1131=EDGE_CURVE('',#791,#892,#513,.T.);
#1132=EDGE_CURVE('',#893,#892,#514,.T.);
#1133=EDGE_CURVE('',#785,#893,#515,.T.);
#1134=EDGE_CURVE('',#886,#893,#113,.T.);
#1135=EDGE_CURVE('',#894,#894,#114,.T.);
#1136=EDGE_CURVE('',#894,#783,#516,.T.);
#1137=EDGE_CURVE('',#764,#895,#517,.T.);
#1138=EDGE_CURVE('',#896,#895,#518,.T.);
#1139=EDGE_CURVE('',#765,#896,#519,.T.);
#1140=EDGE_CURVE('',#897,#896,#115,.T.);
#1141=EDGE_CURVE('',#766,#897,#520,.T.);
#1142=EDGE_CURVE('',#898,#897,#521,.T.);
#1143=EDGE_CURVE('',#767,#898,#522,.T.);
#1144=EDGE_CURVE('',#899,#898,#116,.T.);
#1145=EDGE_CURVE('',#768,#899,#523,.T.);
#1146=EDGE_CURVE('',#900,#899,#524,.T.);
#1147=EDGE_CURVE('',#769,#900,#525,.T.);
#1148=EDGE_CURVE('',#901,#900,#117,.T.);
#1149=EDGE_CURVE('',#770,#901,#526,.T.);
#1150=EDGE_CURVE('',#902,#901,#527,.T.);
#1151=EDGE_CURVE('',#771,#902,#528,.T.);
#1152=EDGE_CURVE('',#903,#902,#118,.T.);
#1153=EDGE_CURVE('',#772,#903,#529,.T.);
#1154=EDGE_CURVE('',#904,#903,#530,.T.);
#1155=EDGE_CURVE('',#773,#904,#531,.T.);
#1156=EDGE_CURVE('',#905,#904,#119,.T.);
#1157=EDGE_CURVE('',#774,#905,#532,.T.);
#1158=EDGE_CURVE('',#906,#905,#533,.T.);
#1159=EDGE_CURVE('',#775,#906,#534,.T.);
#1160=EDGE_CURVE('',#907,#906,#120,.T.);
#1161=EDGE_CURVE('',#776,#907,#535,.T.);
#1162=EDGE_CURVE('',#908,#907,#536,.T.);
#1163=EDGE_CURVE('',#777,#908,#537,.T.);
#1164=EDGE_CURVE('',#909,#908,#121,.T.);
#1165=EDGE_CURVE('',#778,#909,#538,.T.);
#1166=EDGE_CURVE('',#910,#909,#539,.T.);
#1167=EDGE_CURVE('',#779,#910,#540,.T.);
#1168=EDGE_CURVE('',#746,#910,#122,.T.);
#1169=EDGE_CURVE('',#839,#741,#541,.T.);
#1170=EDGE_CURVE('',#747,#838,#542,.T.);
#1171=EDGE_CURVE('',#840,#836,#543,.T.);
#1172=EDGE_CURVE('',#911,#842,#544,.T.);
#1173=EDGE_CURVE('',#756,#911,#545,.T.);
#1174=EDGE_CURVE('',#912,#911,#546,.T.);
#1175=EDGE_CURVE('',#757,#912,#547,.T.);
#1176=EDGE_CURVE('',#913,#912,#123,.T.);
#1177=EDGE_CURVE('',#758,#913,#548,.T.);
#1178=EDGE_CURVE('',#914,#913,#549,.T.);
#1179=EDGE_CURVE('',#759,#914,#550,.T.);
#1180=EDGE_CURVE('',#915,#914,#124,.T.);
#1181=EDGE_CURVE('',#760,#915,#551,.T.);
#1182=EDGE_CURVE('',#916,#915,#552,.T.);
#1183=EDGE_CURVE('',#761,#916,#553,.T.);
#1184=EDGE_CURVE('',#917,#916,#125,.T.);
#1185=EDGE_CURVE('',#762,#917,#554,.T.);
#1186=EDGE_CURVE('',#918,#917,#555,.T.);
#1187=EDGE_CURVE('',#763,#918,#556,.T.);
#1188=EDGE_CURVE('',#895,#918,#126,.T.);
#1189=ORIENTED_EDGE('',*,*,#919,.F.);
#1190=ORIENTED_EDGE('',*,*,#920,.T.);
#1191=ORIENTED_EDGE('',*,*,#921,.T.);
#1192=ORIENTED_EDGE('',*,*,#922,.T.);
#1193=ORIENTED_EDGE('',*,*,#919,.T.);
#1194=ORIENTED_EDGE('',*,*,#923,.T.);
#1195=ORIENTED_EDGE('',*,*,#924,.F.);
#1196=ORIENTED_EDGE('',*,*,#925,.T.);
#1197=ORIENTED_EDGE('',*,*,#924,.T.);
#1198=ORIENTED_EDGE('',*,*,#926,.F.);
#1199=ORIENTED_EDGE('',*,*,#927,.T.);
#1200=ORIENTED_EDGE('',*,*,#928,.F.);
#1201=ORIENTED_EDGE('',*,*,#929,.T.);
#1202=ORIENTED_EDGE('',*,*,#930,.T.);
#1203=ORIENTED_EDGE('',*,*,#931,.T.);
#1204=ORIENTED_EDGE('',*,*,#932,.T.);
#1205=ORIENTED_EDGE('',*,*,#931,.F.);
#1206=ORIENTED_EDGE('',*,*,#933,.F.);
#1207=ORIENTED_EDGE('',*,*,#934,.F.);
#1208=ORIENTED_EDGE('',*,*,#935,.F.);
#1209=ORIENTED_EDGE('',*,*,#936,.F.);
#1210=ORIENTED_EDGE('',*,*,#937,.F.);
#1211=ORIENTED_EDGE('',*,*,#938,.T.);
#1212=ORIENTED_EDGE('',*,*,#939,.T.);
#1213=ORIENTED_EDGE('',*,*,#940,.F.);
#1214=ORIENTED_EDGE('',*,*,#941,.F.);
#1215=ORIENTED_EDGE('',*,*,#942,.F.);
#1216=ORIENTED_EDGE('',*,*,#943,.F.);
#1217=ORIENTED_EDGE('',*,*,#944,.F.);
#1218=ORIENTED_EDGE('',*,*,#945,.F.);
#1219=ORIENTED_EDGE('',*,*,#946,.F.);
#1220=ORIENTED_EDGE('',*,*,#947,.T.);
#1221=ORIENTED_EDGE('',*,*,#948,.F.);
#1222=ORIENTED_EDGE('',*,*,#949,.F.);
#1223=ORIENTED_EDGE('',*,*,#950,.F.);
#1224=ORIENTED_EDGE('',*,*,#951,.F.);
#1225=ORIENTED_EDGE('',*,*,#952,.F.);
#1226=ORIENTED_EDGE('',*,*,#953,.F.);
#1227=ORIENTED_EDGE('',*,*,#954,.F.);
#1228=ORIENTED_EDGE('',*,*,#955,.T.);
#1229=ORIENTED_EDGE('',*,*,#956,.F.);
#1230=ORIENTED_EDGE('',*,*,#957,.F.);
#1231=ORIENTED_EDGE('',*,*,#958,.F.);
#1232=ORIENTED_EDGE('',*,*,#959,.F.);
#1233=ORIENTED_EDGE('',*,*,#960,.F.);
#1234=ORIENTED_EDGE('',*,*,#961,.F.);
#1235=ORIENTED_EDGE('',*,*,#962,.F.);
#1236=ORIENTED_EDGE('',*,*,#926,.T.);
#1237=ORIENTED_EDGE('',*,*,#923,.F.);
#1238=ORIENTED_EDGE('',*,*,#922,.F.);
#1239=ORIENTED_EDGE('',*,*,#963,.T.);
#1240=ORIENTED_EDGE('',*,*,#964,.F.);
#1241=ORIENTED_EDGE('',*,*,#965,.F.);
#1242=ORIENTED_EDGE('',*,*,#966,.F.);
#1243=ORIENTED_EDGE('',*,*,#967,.F.);
#1244=ORIENTED_EDGE('',*,*,#968,.F.);
#1245=ORIENTED_EDGE('',*,*,#969,.F.);
#1246=ORIENTED_EDGE('',*,*,#970,.F.);
#1247=ORIENTED_EDGE('',*,*,#971,.F.);
#1248=ORIENTED_EDGE('',*,*,#972,.F.);
#1249=ORIENTED_EDGE('',*,*,#973,.F.);
#1250=ORIENTED_EDGE('',*,*,#974,.F.);
#1251=ORIENTED_EDGE('',*,*,#975,.F.);
#1252=ORIENTED_EDGE('',*,*,#976,.F.);
#1253=ORIENTED_EDGE('',*,*,#977,.F.);
#1254=ORIENTED_EDGE('',*,*,#978,.F.);
#1255=ORIENTED_EDGE('',*,*,#979,.F.);
#1256=ORIENTED_EDGE('',*,*,#980,.F.);
#1257=ORIENTED_EDGE('',*,*,#981,.F.);
#1258=ORIENTED_EDGE('',*,*,#982,.F.);
#1259=ORIENTED_EDGE('',*,*,#983,.F.);
#1260=ORIENTED_EDGE('',*,*,#984,.F.);
#1261=ORIENTED_EDGE('',*,*,#985,.F.);
#1262=ORIENTED_EDGE('',*,*,#986,.F.);
#1263=ORIENTED_EDGE('',*,*,#987,.F.);
#1264=ORIENTED_EDGE('',*,*,#988,.F.);
#1265=ORIENTED_EDGE('',*,*,#989,.F.);
#1266=ORIENTED_EDGE('',*,*,#990,.F.);
#1267=ORIENTED_EDGE('',*,*,#991,.F.);
#1268=ORIENTED_EDGE('',*,*,#992,.F.);
#1269=ORIENTED_EDGE('',*,*,#993,.F.);
#1270=ORIENTED_EDGE('',*,*,#994,.F.);
#1271=ORIENTED_EDGE('',*,*,#995,.F.);
#1272=ORIENTED_EDGE('',*,*,#996,.F.);
#1273=ORIENTED_EDGE('',*,*,#997,.F.);
#1274=ORIENTED_EDGE('',*,*,#998,.F.);
#1275=ORIENTED_EDGE('',*,*,#999,.F.);
#1276=ORIENTED_EDGE('',*,*,#1000,.F.);
#1277=ORIENTED_EDGE('',*,*,#1001,.F.);
#1278=ORIENTED_EDGE('',*,*,#1002,.F.);
#1279=ORIENTED_EDGE('',*,*,#1003,.F.);
#1280=ORIENTED_EDGE('',*,*,#1004,.F.);
#1281=ORIENTED_EDGE('',*,*,#1005,.F.);
#1282=ORIENTED_EDGE('',*,*,#1006,.F.);
#1283=ORIENTED_EDGE('',*,*,#1007,.F.);
#1284=ORIENTED_EDGE('',*,*,#1008,.F.);
#1285=ORIENTED_EDGE('',*,*,#1009,.F.);
#1286=ORIENTED_EDGE('',*,*,#1010,.F.);
#1287=ORIENTED_EDGE('',*,*,#1011,.F.);
#1288=ORIENTED_EDGE('',*,*,#1012,.F.);
#1289=ORIENTED_EDGE('',*,*,#1013,.F.);
#1290=ORIENTED_EDGE('',*,*,#1014,.F.);
#1291=ORIENTED_EDGE('',*,*,#1015,.F.);
#1292=ORIENTED_EDGE('',*,*,#1016,.F.);
#1293=ORIENTED_EDGE('',*,*,#1017,.F.);
#1294=ORIENTED_EDGE('',*,*,#1018,.F.);
#1295=ORIENTED_EDGE('',*,*,#930,.F.);
#1296=ORIENTED_EDGE('',*,*,#1019,.F.);
#1297=ORIENTED_EDGE('',*,*,#1020,.F.);
#1298=ORIENTED_EDGE('',*,*,#933,.T.);
#1299=ORIENTED_EDGE('',*,*,#1021,.T.);
#1300=ORIENTED_EDGE('',*,*,#1022,.T.);
#1301=ORIENTED_EDGE('',*,*,#934,.T.);
#1302=ORIENTED_EDGE('',*,*,#1020,.T.);
#1303=ORIENTED_EDGE('',*,*,#1023,.T.);
#1304=ORIENTED_EDGE('',*,*,#1024,.T.);
#1305=ORIENTED_EDGE('',*,*,#965,.T.);
#1306=ORIENTED_EDGE('',*,*,#1025,.T.);
#1307=ORIENTED_EDGE('',*,*,#1025,.F.);
#1308=ORIENTED_EDGE('',*,*,#964,.T.);
#1309=ORIENTED_EDGE('',*,*,#1026,.T.);
#1310=ORIENTED_EDGE('',*,*,#1027,.F.);
#1311=ORIENTED_EDGE('',*,*,#1028,.T.);
#1312=ORIENTED_EDGE('',*,*,#1029,.T.);
#1313=ORIENTED_EDGE('',*,*,#936,.T.);
#1314=ORIENTED_EDGE('',*,*,#1030,.T.);
#1315=ORIENTED_EDGE('',*,*,#1029,.F.);
#1316=ORIENTED_EDGE('',*,*,#1031,.F.);
#1317=ORIENTED_EDGE('',*,*,#1032,.F.);
#1318=ORIENTED_EDGE('',*,*,#937,.T.);
#1319=ORIENTED_EDGE('',*,*,#1033,.F.);
#1320=ORIENTED_EDGE('',*,*,#1034,.T.);
#1321=ORIENTED_EDGE('',*,*,#1018,.T.);
#1322=ORIENTED_EDGE('',*,*,#1034,.F.);
#1323=ORIENTED_EDGE('',*,*,#1011,.T.);
#1324=ORIENTED_EDGE('',*,*,#1035,.T.);
#1325=ORIENTED_EDGE('',*,*,#1036,.F.);
#1326=ORIENTED_EDGE('',*,*,#1037,.F.);
#1327=ORIENTED_EDGE('',*,*,#1012,.T.);
#1328=ORIENTED_EDGE('',*,*,#1037,.T.);
#1329=ORIENTED_EDGE('',*,*,#1038,.F.);
#1330=ORIENTED_EDGE('',*,*,#1039,.F.);
#1331=ORIENTED_EDGE('',*,*,#1013,.T.);
#1332=ORIENTED_EDGE('',*,*,#1039,.T.);
#1333=ORIENTED_EDGE('',*,*,#1040,.F.);
#1334=ORIENTED_EDGE('',*,*,#1041,.F.);
#1335=ORIENTED_EDGE('',*,*,#1014,.T.);
#1336=ORIENTED_EDGE('',*,*,#1041,.T.);
#1337=ORIENTED_EDGE('',*,*,#1042,.F.);
#1338=ORIENTED_EDGE('',*,*,#1043,.F.);
#1339=ORIENTED_EDGE('',*,*,#1015,.T.);
#1340=ORIENTED_EDGE('',*,*,#1043,.T.);
#1341=ORIENTED_EDGE('',*,*,#1044,.F.);
#1342=ORIENTED_EDGE('',*,*,#1045,.F.);
#1343=ORIENTED_EDGE('',*,*,#1016,.T.);
#1344=ORIENTED_EDGE('',*,*,#1045,.T.);
#1345=ORIENTED_EDGE('',*,*,#1046,.F.);
#1346=ORIENTED_EDGE('',*,*,#1047,.F.);
#1347=ORIENTED_EDGE('',*,*,#1017,.T.);
#1348=ORIENTED_EDGE('',*,*,#1047,.T.);
#1349=ORIENTED_EDGE('',*,*,#1048,.F.);
#1350=ORIENTED_EDGE('',*,*,#1049,.F.);
#1351=ORIENTED_EDGE('',*,*,#1010,.T.);
#1352=ORIENTED_EDGE('',*,*,#1049,.T.);
#1353=ORIENTED_EDGE('',*,*,#1050,.F.);
#1354=ORIENTED_EDGE('',*,*,#1035,.F.);
#1355=ORIENTED_EDGE('',*,*,#1003,.T.);
#1356=ORIENTED_EDGE('',*,*,#1051,.T.);
#1357=ORIENTED_EDGE('',*,*,#1052,.F.);
#1358=ORIENTED_EDGE('',*,*,#1053,.F.);
#1359=ORIENTED_EDGE('',*,*,#1004,.T.);
#1360=ORIENTED_EDGE('',*,*,#1053,.T.);
#1361=ORIENTED_EDGE('',*,*,#1054,.F.);
#1362=ORIENTED_EDGE('',*,*,#1055,.F.);
#1363=ORIENTED_EDGE('',*,*,#1005,.T.);
#1364=ORIENTED_EDGE('',*,*,#1055,.T.);
#1365=ORIENTED_EDGE('',*,*,#1056,.F.);
#1366=ORIENTED_EDGE('',*,*,#1057,.F.);
#1367=ORIENTED_EDGE('',*,*,#1006,.T.);
#1368=ORIENTED_EDGE('',*,*,#1057,.T.);
#1369=ORIENTED_EDGE('',*,*,#1058,.F.);
#1370=ORIENTED_EDGE('',*,*,#1059,.F.);
#1371=ORIENTED_EDGE('',*,*,#1007,.T.);
#1372=ORIENTED_EDGE('',*,*,#1059,.T.);
#1373=ORIENTED_EDGE('',*,*,#1060,.F.);
#1374=ORIENTED_EDGE('',*,*,#1061,.F.);
#1375=ORIENTED_EDGE('',*,*,#1008,.T.);
#1376=ORIENTED_EDGE('',*,*,#1061,.T.);
#1377=ORIENTED_EDGE('',*,*,#1062,.F.);
#1378=ORIENTED_EDGE('',*,*,#1063,.F.);
#1379=ORIENTED_EDGE('',*,*,#1009,.T.);
#1380=ORIENTED_EDGE('',*,*,#1063,.T.);
#1381=ORIENTED_EDGE('',*,*,#1064,.F.);
#1382=ORIENTED_EDGE('',*,*,#1065,.F.);
#1383=ORIENTED_EDGE('',*,*,#1002,.T.);
#1384=ORIENTED_EDGE('',*,*,#1065,.T.);
#1385=ORIENTED_EDGE('',*,*,#1066,.F.);
#1386=ORIENTED_EDGE('',*,*,#1051,.F.);
#1387=ORIENTED_EDGE('',*,*,#995,.T.);
#1388=ORIENTED_EDGE('',*,*,#1067,.T.);
#1389=ORIENTED_EDGE('',*,*,#1068,.F.);
#1390=ORIENTED_EDGE('',*,*,#1069,.F.);
#1391=ORIENTED_EDGE('',*,*,#996,.T.);
#1392=ORIENTED_EDGE('',*,*,#1069,.T.);
#1393=ORIENTED_EDGE('',*,*,#1070,.F.);
#1394=ORIENTED_EDGE('',*,*,#1071,.F.);
#1395=ORIENTED_EDGE('',*,*,#997,.T.);
#1396=ORIENTED_EDGE('',*,*,#1071,.T.);
#1397=ORIENTED_EDGE('',*,*,#1072,.F.);
#1398=ORIENTED_EDGE('',*,*,#1073,.F.);
#1399=ORIENTED_EDGE('',*,*,#998,.T.);
#1400=ORIENTED_EDGE('',*,*,#1073,.T.);
#1401=ORIENTED_EDGE('',*,*,#1074,.F.);
#1402=ORIENTED_EDGE('',*,*,#1075,.F.);
#1403=ORIENTED_EDGE('',*,*,#999,.T.);
#1404=ORIENTED_EDGE('',*,*,#1075,.T.);
#1405=ORIENTED_EDGE('',*,*,#1076,.F.);
#1406=ORIENTED_EDGE('',*,*,#1077,.F.);
#1407=ORIENTED_EDGE('',*,*,#1000,.T.);
#1408=ORIENTED_EDGE('',*,*,#1077,.T.);
#1409=ORIENTED_EDGE('',*,*,#1078,.F.);
#1410=ORIENTED_EDGE('',*,*,#1079,.F.);
#1411=ORIENTED_EDGE('',*,*,#1001,.T.);
#1412=ORIENTED_EDGE('',*,*,#1079,.T.);
#1413=ORIENTED_EDGE('',*,*,#1080,.F.);
#1414=ORIENTED_EDGE('',*,*,#1081,.F.);
#1415=ORIENTED_EDGE('',*,*,#994,.T.);
#1416=ORIENTED_EDGE('',*,*,#1081,.T.);
#1417=ORIENTED_EDGE('',*,*,#1082,.F.);
#1418=ORIENTED_EDGE('',*,*,#1067,.F.);
#1419=ORIENTED_EDGE('',*,*,#1083,.F.);
#1420=ORIENTED_EDGE('',*,*,#1084,.T.);
#1421=ORIENTED_EDGE('',*,*,#993,.T.);
#1422=ORIENTED_EDGE('',*,*,#1084,.F.);
#1423=ORIENTED_EDGE('',*,*,#1085,.F.);
#1424=ORIENTED_EDGE('',*,*,#1086,.T.);
#1425=ORIENTED_EDGE('',*,*,#992,.T.);
#1426=ORIENTED_EDGE('',*,*,#1086,.F.);
#1427=ORIENTED_EDGE('',*,*,#985,.T.);
#1428=ORIENTED_EDGE('',*,*,#1087,.T.);
#1429=ORIENTED_EDGE('',*,*,#1088,.F.);
#1430=ORIENTED_EDGE('',*,*,#1089,.F.);
#1431=ORIENTED_EDGE('',*,*,#986,.T.);
#1432=ORIENTED_EDGE('',*,*,#1089,.T.);
#1433=ORIENTED_EDGE('',*,*,#1090,.F.);
#1434=ORIENTED_EDGE('',*,*,#1091,.F.);
#1435=ORIENTED_EDGE('',*,*,#987,.T.);
#1436=ORIENTED_EDGE('',*,*,#1091,.T.);
#1437=ORIENTED_EDGE('',*,*,#1092,.F.);
#1438=ORIENTED_EDGE('',*,*,#1093,.F.);
#1439=ORIENTED_EDGE('',*,*,#988,.T.);
#1440=ORIENTED_EDGE('',*,*,#1093,.T.);
#1441=ORIENTED_EDGE('',*,*,#1094,.F.);
#1442=ORIENTED_EDGE('',*,*,#1095,.F.);
#1443=ORIENTED_EDGE('',*,*,#989,.T.);
#1444=ORIENTED_EDGE('',*,*,#1095,.T.);
#1445=ORIENTED_EDGE('',*,*,#1096,.F.);
#1446=ORIENTED_EDGE('',*,*,#1097,.F.);
#1447=ORIENTED_EDGE('',*,*,#990,.T.);
#1448=ORIENTED_EDGE('',*,*,#1097,.T.);
#1449=ORIENTED_EDGE('',*,*,#1098,.F.);
#1450=ORIENTED_EDGE('',*,*,#1099,.F.);
#1451=ORIENTED_EDGE('',*,*,#991,.T.);
#1452=ORIENTED_EDGE('',*,*,#1099,.T.);
#1453=ORIENTED_EDGE('',*,*,#1100,.F.);
#1454=ORIENTED_EDGE('',*,*,#1101,.F.);
#1455=ORIENTED_EDGE('',*,*,#984,.T.);
#1456=ORIENTED_EDGE('',*,*,#1101,.T.);
#1457=ORIENTED_EDGE('',*,*,#1102,.F.);
#1458=ORIENTED_EDGE('',*,*,#1087,.F.);
#1459=ORIENTED_EDGE('',*,*,#977,.T.);
#1460=ORIENTED_EDGE('',*,*,#1103,.T.);
#1461=ORIENTED_EDGE('',*,*,#1104,.F.);
#1462=ORIENTED_EDGE('',*,*,#1105,.F.);
#1463=ORIENTED_EDGE('',*,*,#978,.T.);
#1464=ORIENTED_EDGE('',*,*,#1105,.T.);
#1465=ORIENTED_EDGE('',*,*,#1106,.F.);
#1466=ORIENTED_EDGE('',*,*,#1107,.F.);
#1467=ORIENTED_EDGE('',*,*,#979,.T.);
#1468=ORIENTED_EDGE('',*,*,#1107,.T.);
#1469=ORIENTED_EDGE('',*,*,#1108,.F.);
#1470=ORIENTED_EDGE('',*,*,#1109,.F.);
#1471=ORIENTED_EDGE('',*,*,#980,.T.);
#1472=ORIENTED_EDGE('',*,*,#1109,.T.);
#1473=ORIENTED_EDGE('',*,*,#1110,.F.);
#1474=ORIENTED_EDGE('',*,*,#1111,.F.);
#1475=ORIENTED_EDGE('',*,*,#981,.T.);
#1476=ORIENTED_EDGE('',*,*,#1111,.T.);
#1477=ORIENTED_EDGE('',*,*,#1112,.F.);
#1478=ORIENTED_EDGE('',*,*,#1113,.F.);
#1479=ORIENTED_EDGE('',*,*,#982,.T.);
#1480=ORIENTED_EDGE('',*,*,#1113,.T.);
#1481=ORIENTED_EDGE('',*,*,#1114,.F.);
#1482=ORIENTED_EDGE('',*,*,#1115,.F.);
#1483=ORIENTED_EDGE('',*,*,#983,.T.);
#1484=ORIENTED_EDGE('',*,*,#1115,.T.);
#1485=ORIENTED_EDGE('',*,*,#1116,.F.);
#1486=ORIENTED_EDGE('',*,*,#1117,.F.);
#1487=ORIENTED_EDGE('',*,*,#976,.T.);
#1488=ORIENTED_EDGE('',*,*,#1117,.T.);
#1489=ORIENTED_EDGE('',*,*,#1118,.F.);
#1490=ORIENTED_EDGE('',*,*,#1103,.F.);
#1491=ORIENTED_EDGE('',*,*,#969,.T.);
#1492=ORIENTED_EDGE('',*,*,#1119,.T.);
#1493=ORIENTED_EDGE('',*,*,#1120,.F.);
#1494=ORIENTED_EDGE('',*,*,#1121,.F.);
#1495=ORIENTED_EDGE('',*,*,#970,.T.);
#1496=ORIENTED_EDGE('',*,*,#1121,.T.);
#1497=ORIENTED_EDGE('',*,*,#1122,.F.);
#1498=ORIENTED_EDGE('',*,*,#1123,.F.);
#1499=ORIENTED_EDGE('',*,*,#971,.T.);
#1500=ORIENTED_EDGE('',*,*,#1123,.T.);
#1501=ORIENTED_EDGE('',*,*,#1124,.F.);
#1502=ORIENTED_EDGE('',*,*,#1125,.F.);
#1503=ORIENTED_EDGE('',*,*,#972,.T.);
#1504=ORIENTED_EDGE('',*,*,#1125,.T.);
#1505=ORIENTED_EDGE('',*,*,#1126,.F.);
#1506=ORIENTED_EDGE('',*,*,#1127,.F.);
#1507=ORIENTED_EDGE('',*,*,#973,.T.);
#1508=ORIENTED_EDGE('',*,*,#1127,.T.);
#1509=ORIENTED_EDGE('',*,*,#1128,.F.);
#1510=ORIENTED_EDGE('',*,*,#1129,.F.);
#1511=ORIENTED_EDGE('',*,*,#974,.T.);
#1512=ORIENTED_EDGE('',*,*,#1129,.T.);
#1513=ORIENTED_EDGE('',*,*,#1130,.F.);
#1514=ORIENTED_EDGE('',*,*,#1131,.F.);
#1515=ORIENTED_EDGE('',*,*,#975,.T.);
#1516=ORIENTED_EDGE('',*,*,#1131,.T.);
#1517=ORIENTED_EDGE('',*,*,#1132,.F.);
#1518=ORIENTED_EDGE('',*,*,#1133,.F.);
#1519=ORIENTED_EDGE('',*,*,#968,.T.);
#1520=ORIENTED_EDGE('',*,*,#1133,.T.);
#1521=ORIENTED_EDGE('',*,*,#1134,.F.);
#1522=ORIENTED_EDGE('',*,*,#1119,.F.);
#1523=ORIENTED_EDGE('',*,*,#1135,.F.);
#1524=ORIENTED_EDGE('',*,*,#1136,.T.);
#1525=ORIENTED_EDGE('',*,*,#967,.T.);
#1526=ORIENTED_EDGE('',*,*,#1136,.F.);
#1527=ORIENTED_EDGE('',*,*,#947,.F.);
#1528=ORIENTED_EDGE('',*,*,#1137,.T.);
#1529=ORIENTED_EDGE('',*,*,#1138,.F.);
#1530=ORIENTED_EDGE('',*,*,#1139,.F.);
#1531=ORIENTED_EDGE('',*,*,#948,.T.);
#1532=ORIENTED_EDGE('',*,*,#1139,.T.);
#1533=ORIENTED_EDGE('',*,*,#1140,.F.);
#1534=ORIENTED_EDGE('',*,*,#1141,.F.);
#1535=ORIENTED_EDGE('',*,*,#949,.T.);
#1536=ORIENTED_EDGE('',*,*,#1141,.T.);
#1537=ORIENTED_EDGE('',*,*,#1142,.F.);
#1538=ORIENTED_EDGE('',*,*,#1143,.F.);
#1539=ORIENTED_EDGE('',*,*,#950,.T.);
#1540=ORIENTED_EDGE('',*,*,#1143,.T.);
#1541=ORIENTED_EDGE('',*,*,#1144,.F.);
#1542=ORIENTED_EDGE('',*,*,#1145,.F.);
#1543=ORIENTED_EDGE('',*,*,#951,.T.);
#1544=ORIENTED_EDGE('',*,*,#1145,.T.);
#1545=ORIENTED_EDGE('',*,*,#1146,.F.);
#1546=ORIENTED_EDGE('',*,*,#1147,.F.);
#1547=ORIENTED_EDGE('',*,*,#952,.T.);
#1548=ORIENTED_EDGE('',*,*,#1147,.T.);
#1549=ORIENTED_EDGE('',*,*,#1148,.F.);
#1550=ORIENTED_EDGE('',*,*,#1149,.F.);
#1551=ORIENTED_EDGE('',*,*,#953,.T.);
#1552=ORIENTED_EDGE('',*,*,#1149,.T.);
#1553=ORIENTED_EDGE('',*,*,#1150,.F.);
#1554=ORIENTED_EDGE('',*,*,#1151,.F.);
#1555=ORIENTED_EDGE('',*,*,#954,.T.);
#1556=ORIENTED_EDGE('',*,*,#1151,.T.);
#1557=ORIENTED_EDGE('',*,*,#1152,.F.);
#1558=ORIENTED_EDGE('',*,*,#1153,.F.);
#1559=ORIENTED_EDGE('',*,*,#955,.F.);
#1560=ORIENTED_EDGE('',*,*,#1153,.T.);
#1561=ORIENTED_EDGE('',*,*,#1154,.F.);
#1562=ORIENTED_EDGE('',*,*,#1155,.F.);
#1563=ORIENTED_EDGE('',*,*,#956,.T.);
#1564=ORIENTED_EDGE('',*,*,#1155,.T.);
#1565=ORIENTED_EDGE('',*,*,#1156,.F.);
#1566=ORIENTED_EDGE('',*,*,#1157,.F.);
#1567=ORIENTED_EDGE('',*,*,#957,.T.);
#1568=ORIENTED_EDGE('',*,*,#1157,.T.);
#1569=ORIENTED_EDGE('',*,*,#1158,.F.);
#1570=ORIENTED_EDGE('',*,*,#1159,.F.);
#1571=ORIENTED_EDGE('',*,*,#958,.T.);
#1572=ORIENTED_EDGE('',*,*,#1159,.T.);
#1573=ORIENTED_EDGE('',*,*,#1160,.F.);
#1574=ORIENTED_EDGE('',*,*,#1161,.F.);
#1575=ORIENTED_EDGE('',*,*,#959,.T.);
#1576=ORIENTED_EDGE('',*,*,#1161,.T.);
#1577=ORIENTED_EDGE('',*,*,#1162,.F.);
#1578=ORIENTED_EDGE('',*,*,#1163,.F.);
#1579=ORIENTED_EDGE('',*,*,#960,.T.);
#1580=ORIENTED_EDGE('',*,*,#1163,.T.);
#1581=ORIENTED_EDGE('',*,*,#1164,.F.);
#1582=ORIENTED_EDGE('',*,*,#1165,.F.);
#1583=ORIENTED_EDGE('',*,*,#961,.T.);
#1584=ORIENTED_EDGE('',*,*,#1165,.T.);
#1585=ORIENTED_EDGE('',*,*,#1166,.F.);
#1586=ORIENTED_EDGE('',*,*,#1167,.F.);
#1587=ORIENTED_EDGE('',*,*,#962,.T.);
#1588=ORIENTED_EDGE('',*,*,#1167,.T.);
#1589=ORIENTED_EDGE('',*,*,#1168,.F.);
#1590=ORIENTED_EDGE('',*,*,#927,.F.);
#1591=ORIENTED_EDGE('',*,*,#963,.F.);
#1592=ORIENTED_EDGE('',*,*,#921,.F.);
#1593=ORIENTED_EDGE('',*,*,#1169,.F.);
#1594=ORIENTED_EDGE('',*,*,#1026,.F.);
#1595=ORIENTED_EDGE('',*,*,#932,.F.);
#1596=ORIENTED_EDGE('',*,*,#966,.T.);
#1597=ORIENTED_EDGE('',*,*,#1024,.F.);
#1598=ORIENTED_EDGE('',*,*,#1170,.F.);
#1599=ORIENTED_EDGE('',*,*,#1022,.F.);
#1600=ORIENTED_EDGE('',*,*,#1171,.F.);
#1601=ORIENTED_EDGE('',*,*,#1030,.F.);
#1602=ORIENTED_EDGE('',*,*,#935,.T.);
#1603=ORIENTED_EDGE('',*,*,#938,.F.);
#1604=ORIENTED_EDGE('',*,*,#1032,.T.);
#1605=ORIENTED_EDGE('',*,*,#1172,.F.);
#1606=ORIENTED_EDGE('',*,*,#1173,.F.);
#1607=ORIENTED_EDGE('',*,*,#939,.F.);
#1608=ORIENTED_EDGE('',*,*,#1173,.T.);
#1609=ORIENTED_EDGE('',*,*,#1174,.F.);
#1610=ORIENTED_EDGE('',*,*,#1175,.F.);
#1611=ORIENTED_EDGE('',*,*,#940,.T.);
#1612=ORIENTED_EDGE('',*,*,#1175,.T.);
#1613=ORIENTED_EDGE('',*,*,#1176,.F.);
#1614=ORIENTED_EDGE('',*,*,#1177,.F.);
#1615=ORIENTED_EDGE('',*,*,#941,.T.);
#1616=ORIENTED_EDGE('',*,*,#1177,.T.);
#1617=ORIENTED_EDGE('',*,*,#1178,.F.);
#1618=ORIENTED_EDGE('',*,*,#1179,.F.);
#1619=ORIENTED_EDGE('',*,*,#942,.T.);
#1620=ORIENTED_EDGE('',*,*,#1179,.T.);
#1621=ORIENTED_EDGE('',*,*,#1180,.F.);
#1622=ORIENTED_EDGE('',*,*,#1181,.F.);
#1623=ORIENTED_EDGE('',*,*,#943,.T.);
#1624=ORIENTED_EDGE('',*,*,#1181,.T.);
#1625=ORIENTED_EDGE('',*,*,#1182,.F.);
#1626=ORIENTED_EDGE('',*,*,#1183,.F.);
#1627=ORIENTED_EDGE('',*,*,#944,.T.);
#1628=ORIENTED_EDGE('',*,*,#1183,.T.);
#1629=ORIENTED_EDGE('',*,*,#1184,.F.);
#1630=ORIENTED_EDGE('',*,*,#1185,.F.);
#1631=ORIENTED_EDGE('',*,*,#945,.T.);
#1632=ORIENTED_EDGE('',*,*,#1185,.T.);
#1633=ORIENTED_EDGE('',*,*,#1186,.F.);
#1634=ORIENTED_EDGE('',*,*,#1187,.F.);
#1635=ORIENTED_EDGE('',*,*,#946,.T.);
#1636=ORIENTED_EDGE('',*,*,#1187,.T.);
#1637=ORIENTED_EDGE('',*,*,#1188,.F.);
#1638=ORIENTED_EDGE('',*,*,#1137,.F.);
#1639=ORIENTED_EDGE('',*,*,#929,.F.);
#1640=ORIENTED_EDGE('',*,*,#1170,.T.);
#1641=ORIENTED_EDGE('',*,*,#1023,.F.);
#1642=ORIENTED_EDGE('',*,*,#1027,.T.);
#1643=ORIENTED_EDGE('',*,*,#1169,.T.);
#1644=ORIENTED_EDGE('',*,*,#920,.F.);
#1645=ORIENTED_EDGE('',*,*,#925,.F.);
#1646=ORIENTED_EDGE('',*,*,#928,.T.);
#1647=ORIENTED_EDGE('',*,*,#1168,.T.);
#1648=ORIENTED_EDGE('',*,*,#1166,.T.);
#1649=ORIENTED_EDGE('',*,*,#1164,.T.);
#1650=ORIENTED_EDGE('',*,*,#1162,.T.);
#1651=ORIENTED_EDGE('',*,*,#1160,.T.);
#1652=ORIENTED_EDGE('',*,*,#1158,.T.);
#1653=ORIENTED_EDGE('',*,*,#1156,.T.);
#1654=ORIENTED_EDGE('',*,*,#1154,.T.);
#1655=ORIENTED_EDGE('',*,*,#1152,.T.);
#1656=ORIENTED_EDGE('',*,*,#1150,.T.);
#1657=ORIENTED_EDGE('',*,*,#1148,.T.);
#1658=ORIENTED_EDGE('',*,*,#1146,.T.);
#1659=ORIENTED_EDGE('',*,*,#1144,.T.);
#1660=ORIENTED_EDGE('',*,*,#1142,.T.);
#1661=ORIENTED_EDGE('',*,*,#1140,.T.);
#1662=ORIENTED_EDGE('',*,*,#1138,.T.);
#1663=ORIENTED_EDGE('',*,*,#1188,.T.);
#1664=ORIENTED_EDGE('',*,*,#1186,.T.);
#1665=ORIENTED_EDGE('',*,*,#1184,.T.);
#1666=ORIENTED_EDGE('',*,*,#1182,.T.);
#1667=ORIENTED_EDGE('',*,*,#1180,.T.);
#1668=ORIENTED_EDGE('',*,*,#1178,.T.);
#1669=ORIENTED_EDGE('',*,*,#1176,.T.);
#1670=ORIENTED_EDGE('',*,*,#1174,.T.);
#1671=ORIENTED_EDGE('',*,*,#1172,.T.);
#1672=ORIENTED_EDGE('',*,*,#1031,.T.);
#1673=ORIENTED_EDGE('',*,*,#1028,.F.);
#1674=ORIENTED_EDGE('',*,*,#1171,.T.);
#1675=ORIENTED_EDGE('',*,*,#1021,.F.);
#1676=ORIENTED_EDGE('',*,*,#1019,.T.);
#1677=ORIENTED_EDGE('',*,*,#1135,.T.);
#1678=ORIENTED_EDGE('',*,*,#1134,.T.);
#1679=ORIENTED_EDGE('',*,*,#1132,.T.);
#1680=ORIENTED_EDGE('',*,*,#1130,.T.);
#1681=ORIENTED_EDGE('',*,*,#1128,.T.);
#1682=ORIENTED_EDGE('',*,*,#1126,.T.);
#1683=ORIENTED_EDGE('',*,*,#1124,.T.);
#1684=ORIENTED_EDGE('',*,*,#1122,.T.);
#1685=ORIENTED_EDGE('',*,*,#1120,.T.);
#1686=ORIENTED_EDGE('',*,*,#1118,.T.);
#1687=ORIENTED_EDGE('',*,*,#1116,.T.);
#1688=ORIENTED_EDGE('',*,*,#1114,.T.);
#1689=ORIENTED_EDGE('',*,*,#1112,.T.);
#1690=ORIENTED_EDGE('',*,*,#1110,.T.);
#1691=ORIENTED_EDGE('',*,*,#1108,.T.);
#1692=ORIENTED_EDGE('',*,*,#1106,.T.);
#1693=ORIENTED_EDGE('',*,*,#1104,.T.);
#1694=ORIENTED_EDGE('',*,*,#1102,.T.);
#1695=ORIENTED_EDGE('',*,*,#1100,.T.);
#1696=ORIENTED_EDGE('',*,*,#1098,.T.);
#1697=ORIENTED_EDGE('',*,*,#1096,.T.);
#1698=ORIENTED_EDGE('',*,*,#1094,.T.);
#1699=ORIENTED_EDGE('',*,*,#1092,.T.);
#1700=ORIENTED_EDGE('',*,*,#1090,.T.);
#1701=ORIENTED_EDGE('',*,*,#1088,.T.);
#1702=ORIENTED_EDGE('',*,*,#1085,.T.);
#1703=ORIENTED_EDGE('',*,*,#1083,.T.);
#1704=ORIENTED_EDGE('',*,*,#1082,.T.);
#1705=ORIENTED_EDGE('',*,*,#1080,.T.);
#1706=ORIENTED_EDGE('',*,*,#1078,.T.);
#1707=ORIENTED_EDGE('',*,*,#1076,.T.);
#1708=ORIENTED_EDGE('',*,*,#1074,.T.);
#1709=ORIENTED_EDGE('',*,*,#1072,.T.);
#1710=ORIENTED_EDGE('',*,*,#1070,.T.);
#1711=ORIENTED_EDGE('',*,*,#1068,.T.);
#1712=ORIENTED_EDGE('',*,*,#1066,.T.);
#1713=ORIENTED_EDGE('',*,*,#1064,.T.);
#1714=ORIENTED_EDGE('',*,*,#1062,.T.);
#1715=ORIENTED_EDGE('',*,*,#1060,.T.);
#1716=ORIENTED_EDGE('',*,*,#1058,.T.);
#1717=ORIENTED_EDGE('',*,*,#1056,.T.);
#1718=ORIENTED_EDGE('',*,*,#1054,.T.);
#1719=ORIENTED_EDGE('',*,*,#1052,.T.);
#1720=ORIENTED_EDGE('',*,*,#1050,.T.);
#1721=ORIENTED_EDGE('',*,*,#1048,.T.);
#1722=ORIENTED_EDGE('',*,*,#1046,.T.);
#1723=ORIENTED_EDGE('',*,*,#1044,.T.);
#1724=ORIENTED_EDGE('',*,*,#1042,.T.);
#1725=ORIENTED_EDGE('',*,*,#1040,.T.);
#1726=ORIENTED_EDGE('',*,*,#1038,.T.);
#1727=ORIENTED_EDGE('',*,*,#1036,.T.);
#1728=ORIENTED_EDGE('',*,*,#1033,.T.);
#1729=PLANE('',#1884);
#1730=PLANE('',#1885);
#1731=PLANE('',#1886);
#1732=PLANE('',#1890);
#1733=PLANE('',#1934);
#1734=PLANE('',#1939);
#1735=PLANE('',#1942);
#1736=PLANE('',#1945);
#1737=PLANE('',#1948);
#1738=PLANE('',#1951);
#1739=PLANE('',#1954);
#1740=PLANE('',#1957);
#1741=PLANE('',#1960);
#1742=PLANE('',#1963);
#1743=PLANE('',#1966);
#1744=PLANE('',#1969);
#1745=PLANE('',#1972);
#1746=PLANE('',#1975);
#1747=PLANE('',#1978);
#1748=PLANE('',#1985);
#1749=PLANE('',#1988);
#1750=PLANE('',#1991);
#1751=PLANE('',#1994);
#1752=PLANE('',#1997);
#1753=PLANE('',#2000);
#1754=PLANE('',#2003);
#1755=PLANE('',#2006);
#1756=PLANE('',#2009);
#1757=PLANE('',#2012);
#1758=PLANE('',#2015);
#1759=PLANE('',#2018);
#1760=PLANE('',#2023);
#1761=PLANE('',#2026);
#1762=PLANE('',#2029);
#1763=PLANE('',#2032);
#1764=PLANE('',#2035);
#1765=PLANE('',#2038);
#1766=PLANE('',#2041);
#1767=PLANE('',#2044);
#1768=PLANE('',#2047);
#1769=PLANE('',#2048);
#1770=PLANE('',#2049);
#1771=PLANE('',#2050);
#1772=PLANE('',#2051);
#1773=PLANE('',#2054);
#1774=PLANE('',#2057);
#1775=PLANE('',#2060);
#1776=PLANE('',#2063);
#1777=ADVANCED_FACE('',(#171),#1729,.T.);
#1778=ADVANCED_FACE('',(#172),#1730,.T.);
#1779=ADVANCED_FACE('',(#173),#1731,.T.);
#1780=ADVANCED_FACE('',(#174),#127,.T.);
#1781=ADVANCED_FACE('',(#175,#19,#20,#21,#22,#23,#24,#25,#26,#27,#28),#1732,
 .F.);
#1782=ADVANCED_FACE('',(#176),#1733,.T.);
#1783=ADVANCED_FACE('',(#177),#128,.T.);
#1784=ADVANCED_FACE('',(#178),#129,.T.);
#1785=ADVANCED_FACE('',(#179),#1734,.T.);
#1786=ADVANCED_FACE('',(#180),#130,.T.);
#1787=ADVANCED_FACE('',(#181),#1735,.T.);
#1788=ADVANCED_FACE('',(#182),#131,.F.);
#1789=ADVANCED_FACE('',(#183),#1736,.T.);
#1790=ADVANCED_FACE('',(#184),#132,.F.);
#1791=ADVANCED_FACE('',(#185),#1737,.T.);
#1792=ADVANCED_FACE('',(#186),#133,.F.);
#1793=ADVANCED_FACE('',(#187),#1738,.T.);
#1794=ADVANCED_FACE('',(#188),#134,.F.);
#1795=ADVANCED_FACE('',(#189),#1739,.T.);
#1796=ADVANCED_FACE('',(#190),#135,.F.);
#1797=ADVANCED_FACE('',(#191),#1740,.T.);
#1798=ADVANCED_FACE('',(#192),#136,.F.);
#1799=ADVANCED_FACE('',(#193),#1741,.T.);
#1800=ADVANCED_FACE('',(#194),#137,.F.);
#1801=ADVANCED_FACE('',(#195),#1742,.T.);
#1802=ADVANCED_FACE('',(#196),#138,.F.);
#1803=ADVANCED_FACE('',(#197),#1743,.T.);
#1804=ADVANCED_FACE('',(#198),#139,.F.);
#1805=ADVANCED_FACE('',(#199),#1744,.T.);
#1806=ADVANCED_FACE('',(#200),#140,.F.);
#1807=ADVANCED_FACE('',(#201),#1745,.T.);
#1808=ADVANCED_FACE('',(#202),#141,.F.);
#1809=ADVANCED_FACE('',(#203),#1746,.T.);
#1810=ADVANCED_FACE('',(#204),#142,.F.);
#1811=ADVANCED_FACE('',(#205),#1747,.T.);
#1812=ADVANCED_FACE('',(#206),#143,.F.);
#1813=ADVANCED_FACE('',(#207),#144,.F.);
#1814=ADVANCED_FACE('',(#208),#145,.F.);
#1815=ADVANCED_FACE('',(#209),#1748,.T.);
#1816=ADVANCED_FACE('',(#210),#146,.F.);
#1817=ADVANCED_FACE('',(#211),#1749,.T.);
#1818=ADVANCED_FACE('',(#212),#147,.F.);
#1819=ADVANCED_FACE('',(#213),#1750,.T.);
#1820=ADVANCED_FACE('',(#214),#148,.F.);
#1821=ADVANCED_FACE('',(#215),#1751,.T.);
#1822=ADVANCED_FACE('',(#216),#149,.F.);
#1823=ADVANCED_FACE('',(#217),#1752,.T.);
#1824=ADVANCED_FACE('',(#218),#150,.F.);
#1825=ADVANCED_FACE('',(#219),#1753,.T.);
#1826=ADVANCED_FACE('',(#220),#151,.F.);
#1827=ADVANCED_FACE('',(#221),#1754,.T.);
#1828=ADVANCED_FACE('',(#222),#152,.F.);
#1829=ADVANCED_FACE('',(#223),#1755,.T.);
#1830=ADVANCED_FACE('',(#224),#153,.F.);
#1831=ADVANCED_FACE('',(#225),#1756,.T.);
#1832=ADVANCED_FACE('',(#226),#154,.F.);
#1833=ADVANCED_FACE('',(#227),#1757,.T.);
#1834=ADVANCED_FACE('',(#228),#155,.F.);
#1835=ADVANCED_FACE('',(#229),#1758,.T.);
#1836=ADVANCED_FACE('',(#230),#156,.F.);
#1837=ADVANCED_FACE('',(#231),#1759,.T.);
#1838=ADVANCED_FACE('',(#232),#157,.F.);
#1839=ADVANCED_FACE('',(#233),#158,.F.);
#1840=ADVANCED_FACE('',(#234),#1760,.T.);
#1841=ADVANCED_FACE('',(#235),#159,.F.);
#1842=ADVANCED_FACE('',(#236),#1761,.T.);
#1843=ADVANCED_FACE('',(#237),#160,.F.);
#1844=ADVANCED_FACE('',(#238),#1762,.T.);
#1845=ADVANCED_FACE('',(#239),#161,.F.);
#1846=ADVANCED_FACE('',(#240),#1763,.T.);
#1847=ADVANCED_FACE('',(#241),#162,.F.);
#1848=ADVANCED_FACE('',(#242),#1764,.T.);
#1849=ADVANCED_FACE('',(#243),#163,.F.);
#1850=ADVANCED_FACE('',(#244),#1765,.T.);
#1851=ADVANCED_FACE('',(#245),#164,.F.);
#1852=ADVANCED_FACE('',(#246),#1766,.T.);
#1853=ADVANCED_FACE('',(#247),#165,.F.);
#1854=ADVANCED_FACE('',(#248),#1767,.T.);
#1855=ADVANCED_FACE('',(#249),#166,.F.);
#1856=ADVANCED_FACE('',(#250),#1768,.T.);
#1857=ADVANCED_FACE('',(#251),#1769,.T.);
#1858=ADVANCED_FACE('',(#252),#1770,.T.);
#1859=ADVANCED_FACE('',(#253),#1771,.T.);
#1860=ADVANCED_FACE('',(#254),#1772,.T.);
#1861=ADVANCED_FACE('',(#255),#167,.F.);
#1862=ADVANCED_FACE('',(#256),#1773,.T.);
#1863=ADVANCED_FACE('',(#257),#168,.F.);
#1864=ADVANCED_FACE('',(#258),#1774,.T.);
#1865=ADVANCED_FACE('',(#259),#169,.F.);
#1866=ADVANCED_FACE('',(#260),#1775,.T.);
#1867=ADVANCED_FACE('',(#261),#170,.F.);
#1868=ADVANCED_FACE('',(#262,#29,#30,#31,#32,#33,#34,#35,#36,#37,#38),#1776,
 .T.);
#1869=CLOSED_SHELL('',(#1777,#1778,#1779,#1780,#1781,#1782,#1783,#1784,
#1785,#1786,#1787,#1788,#1789,#1790,#1791,#1792,#1793,#1794,#1795,#1796,
#1797,#1798,#1799,#1800,#1801,#1802,#1803,#1804,#1805,#1806,#1807,#1808,
#1809,#1810,#1811,#1812,#1813,#1814,#1815,#1816,#1817,#1818,#1819,#1820,
#1821,#1822,#1823,#1824,#1825,#1826,#1827,#1828,#1829,#1830,#1831,#1832,
#1833,#1834,#1835,#1836,#1837,#1838,#1839,#1840,#1841,#1842,#1843,#1844,
#1845,#1846,#1847,#1848,#1849,#1850,#1851,#1852,#1853,#1854,#1855,#1856,
#1857,#1858,#1859,#1860,#1861,#1862,#1863,#1864,#1865,#1866,#1867,#1868));
#1870=DERIVED_UNIT_ELEMENT(#1872,1.);
#1871=DERIVED_UNIT_ELEMENT(#3165,-3.);
#1872=(
MASS_UNIT()
NAMED_UNIT(*)
SI_UNIT(.KILO.,.GRAM.)
);
#1873=DERIVED_UNIT((#1870,#1871));
#1874=MEASURE_REPRESENTATION_ITEM('density measure',
POSITIVE_RATIO_MEASURE(7850.),#1873);
#1875=PROPERTY_DEFINITION_REPRESENTATION(#1880,#1877);
#1876=PROPERTY_DEFINITION_REPRESENTATION(#1881,#1878);
#1877=REPRESENTATION('material name',(#1879),#3162);
#1878=REPRESENTATION('density',(#1874),#3162);
#1879=DESCRIPTIVE_REPRESENTATION_ITEM('Stal','Stal');
#1880=PROPERTY_DEFINITION('material property','material name',#3177);
#1881=PROPERTY_DEFINITION('material property','density of part',#3177);
#1882=AXIS2_PLACEMENT_3D('',#2613,#2065,#2066);
#1883=AXIS2_PLACEMENT_3D('',#2614,#2067,#2068);
#1884=AXIS2_PLACEMENT_3D('',#2615,#2069,#2070);
#1885=AXIS2_PLACEMENT_3D('',#2624,#2075,#2076);
#1886=AXIS2_PLACEMENT_3D('',#2630,#2080,#2081);
#1887=AXIS2_PLACEMENT_3D('',#2636,#2085,#2086);
#1888=AXIS2_PLACEMENT_3D('',#2639,#2087,#2088);
#1889=AXIS2_PLACEMENT_3D('',#2643,#2090,#2091);
#1890=AXIS2_PLACEMENT_3D('',#2645,#2093,#2094);
#1891=AXIS2_PLACEMENT_3D('',#2649,#2096,#2097);
#1892=AXIS2_PLACEMENT_3D('',#2653,#2099,#2100);
#1893=AXIS2_PLACEMENT_3D('',#2661,#2104,#2105);
#1894=AXIS2_PLACEMENT_3D('',#2665,#2107,#2108);
#1895=AXIS2_PLACEMENT_3D('',#2669,#2110,#2111);
#1896=AXIS2_PLACEMENT_3D('',#2673,#2113,#2114);
#1897=AXIS2_PLACEMENT_3D('',#2677,#2116,#2117);
#1898=AXIS2_PLACEMENT_3D('',#2681,#2119,#2120);
#1899=AXIS2_PLACEMENT_3D('',#2685,#2122,#2123);
#1900=AXIS2_PLACEMENT_3D('',#2689,#2125,#2126);
#1901=AXIS2_PLACEMENT_3D('',#2693,#2128,#2129);
#1902=AXIS2_PLACEMENT_3D('',#2697,#2131,#2132);
#1903=AXIS2_PLACEMENT_3D('',#2701,#2134,#2135);
#1904=AXIS2_PLACEMENT_3D('',#2704,#2137,#2138);
#1905=AXIS2_PLACEMENT_3D('',#2710,#2141,#2142);
#1906=AXIS2_PLACEMENT_3D('',#2713,#2144,#2145);
#1907=AXIS2_PLACEMENT_3D('',#2716,#2146,#2147);
#1908=AXIS2_PLACEMENT_3D('',#2720,#2149,#2150);
#1909=AXIS2_PLACEMENT_3D('',#2724,#2152,#2153);
#1910=AXIS2_PLACEMENT_3D('',#2728,#2155,#2156);
#1911=AXIS2_PLACEMENT_3D('',#2732,#2158,#2159);
#1912=AXIS2_PLACEMENT_3D('',#2736,#2161,#2162);
#1913=AXIS2_PLACEMENT_3D('',#2740,#2164,#2165);
#1914=AXIS2_PLACEMENT_3D('',#2744,#2167,#2168);
#1915=AXIS2_PLACEMENT_3D('',#2748,#2170,#2171);
#1916=AXIS2_PLACEMENT_3D('',#2752,#2173,#2174);
#1917=AXIS2_PLACEMENT_3D('',#2756,#2176,#2177);
#1918=AXIS2_PLACEMENT_3D('',#2760,#2179,#2180);
#1919=AXIS2_PLACEMENT_3D('',#2763,#2182,#2183);
#1920=AXIS2_PLACEMENT_3D('',#2765,#2184,#2185);
#1921=AXIS2_PLACEMENT_3D('',#2768,#2186,#2187);
#1922=AXIS2_PLACEMENT_3D('',#2772,#2189,#2190);
#1923=AXIS2_PLACEMENT_3D('',#2776,#2192,#2193);
#1924=AXIS2_PLACEMENT_3D('',#2780,#2195,#2196);
#1925=AXIS2_PLACEMENT_3D('',#2784,#2198,#2199);
#1926=AXIS2_PLACEMENT_3D('',#2788,#2201,#2202);
#1927=AXIS2_PLACEMENT_3D('',#2792,#2204,#2205);
#1928=AXIS2_PLACEMENT_3D('',#2796,#2207,#2208);
#1929=AXIS2_PLACEMENT_3D('',#2800,#2210,#2211);
#1930=AXIS2_PLACEMENT_3D('',#2804,#2213,#2214);
#1931=AXIS2_PLACEMENT_3D('',#2808,#2216,#2217);
#1932=AXIS2_PLACEMENT_3D('',#2812,#2219,#2220);
#1933=AXIS2_PLACEMENT_3D('',#2815,#2222,#2223);
#1934=AXIS2_PLACEMENT_3D('',#2816,#2224,#2225);
#1935=AXIS2_PLACEMENT_3D('',#2820,#2228,#2229);
#1936=AXIS2_PLACEMENT_3D('',#2822,#2230,#2231);
#1937=AXIS2_PLACEMENT_3D('',#2824,#2233,#2234);
#1938=AXIS2_PLACEMENT_3D('',#2827,#2235,#2236);
#1939=AXIS2_PLACEMENT_3D('',#2830,#2239,#2240);
#1940=AXIS2_PLACEMENT_3D('',#2834,#2243,#2244);
#1941=AXIS2_PLACEMENT_3D('',#2837,#2245,#2246);
#1942=AXIS2_PLACEMENT_3D('',#2840,#2249,#2250);
#1943=AXIS2_PLACEMENT_3D('',#2844,#2253,#2254);
#1944=AXIS2_PLACEMENT_3D('',#2846,#2255,#2256);
#1945=AXIS2_PLACEMENT_3D('',#2848,#2258,#2259);
#1946=AXIS2_PLACEMENT_3D('',#2854,#2263,#2264);
#1947=AXIS2_PLACEMENT_3D('',#2856,#2265,#2266);
#1948=AXIS2_PLACEMENT_3D('',#2858,#2268,#2269);
#1949=AXIS2_PLACEMENT_3D('',#2862,#2272,#2273);
#1950=AXIS2_PLACEMENT_3D('',#2864,#2274,#2275);
#1951=AXIS2_PLACEMENT_3D('',#2866,#2277,#2278);
#1952=AXIS2_PLACEMENT_3D('',#2870,#2281,#2282);
#1953=AXIS2_PLACEMENT_3D('',#2872,#2283,#2284);
#1954=AXIS2_PLACEMENT_3D('',#2874,#2286,#2287);
#1955=AXIS2_PLACEMENT_3D('',#2878,#2290,#2291);
#1956=AXIS2_PLACEMENT_3D('',#2879,#2292,#2293);
#1957=AXIS2_PLACEMENT_3D('',#2880,#2294,#2295);
#1958=AXIS2_PLACEMENT_3D('',#2886,#2299,#2300);
#1959=AXIS2_PLACEMENT_3D('',#2888,#2301,#2302);
#1960=AXIS2_PLACEMENT_3D('',#2890,#2304,#2305);
#1961=AXIS2_PLACEMENT_3D('',#2894,#2308,#2309);
#1962=AXIS2_PLACEMENT_3D('',#2896,#2310,#2311);
#1963=AXIS2_PLACEMENT_3D('',#2898,#2313,#2314);
#1964=AXIS2_PLACEMENT_3D('',#2902,#2317,#2318);
#1965=AXIS2_PLACEMENT_3D('',#2904,#2319,#2320);
#1966=AXIS2_PLACEMENT_3D('',#2906,#2322,#2323);
#1967=AXIS2_PLACEMENT_3D('',#2910,#2326,#2327);
#1968=AXIS2_PLACEMENT_3D('',#2911,#2328,#2329);
#1969=AXIS2_PLACEMENT_3D('',#2912,#2330,#2331);
#1970=AXIS2_PLACEMENT_3D('',#2918,#2335,#2336);
#1971=AXIS2_PLACEMENT_3D('',#2920,#2337,#2338);
#1972=AXIS2_PLACEMENT_3D('',#2922,#2340,#2341);
#1973=AXIS2_PLACEMENT_3D('',#2926,#2344,#2345);
#1974=AXIS2_PLACEMENT_3D('',#2928,#2346,#2347);
#1975=AXIS2_PLACEMENT_3D('',#2930,#2349,#2350);
#1976=AXIS2_PLACEMENT_3D('',#2934,#2353,#2354);
#1977=AXIS2_PLACEMENT_3D('',#2936,#2355,#2356);
#1978=AXIS2_PLACEMENT_3D('',#2938,#2358,#2359);
#1979=AXIS2_PLACEMENT_3D('',#2942,#2362,#2363);
#1980=AXIS2_PLACEMENT_3D('',#2943,#2364,#2365);
#1981=AXIS2_PLACEMENT_3D('',#2944,#2366,#2367);
#1982=AXIS2_PLACEMENT_3D('',#2946,#2368,#2369);
#1983=AXIS2_PLACEMENT_3D('',#2948,#2371,#2372);
#1984=AXIS2_PLACEMENT_3D('',#2950,#2373,#2374);
#1985=AXIS2_PLACEMENT_3D('',#2952,#2376,#2377);
#1986=AXIS2_PLACEMENT_3D('',#2958,#2381,#2382);
#1987=AXIS2_PLACEMENT_3D('',#2960,#2383,#2384);
#1988=AXIS2_PLACEMENT_3D('',#2962,#2386,#2387);
#1989=AXIS2_PLACEMENT_3D('',#2966,#2390,#2391);
#1990=AXIS2_PLACEMENT_3D('',#2968,#2392,#2393);
#1991=AXIS2_PLACEMENT_3D('',#2970,#2395,#2396);
#1992=AXIS2_PLACEMENT_3D('',#2974,#2399,#2400);
#1993=AXIS2_PLACEMENT_3D('',#2976,#2401,#2402);
#1994=AXIS2_PLACEMENT_3D('',#2978,#2404,#2405);
#1995=AXIS2_PLACEMENT_3D('',#2982,#2408,#2409);
#1996=AXIS2_PLACEMENT_3D('',#2983,#2410,#2411);
#1997=AXIS2_PLACEMENT_3D('',#2984,#2412,#2413);
#1998=AXIS2_PLACEMENT_3D('',#2990,#2417,#2418);
#1999=AXIS2_PLACEMENT_3D('',#2992,#2419,#2420);
#2000=AXIS2_PLACEMENT_3D('',#2994,#2422,#2423);
#2001=AXIS2_PLACEMENT_3D('',#2998,#2426,#2427);
#2002=AXIS2_PLACEMENT_3D('',#3000,#2428,#2429);
#2003=AXIS2_PLACEMENT_3D('',#3002,#2431,#2432);
#2004=AXIS2_PLACEMENT_3D('',#3006,#2435,#2436);
#2005=AXIS2_PLACEMENT_3D('',#3008,#2437,#2438);
#2006=AXIS2_PLACEMENT_3D('',#3010,#2440,#2441);
#2007=AXIS2_PLACEMENT_3D('',#3014,#2444,#2445);
#2008=AXIS2_PLACEMENT_3D('',#3015,#2446,#2447);
#2009=AXIS2_PLACEMENT_3D('',#3016,#2448,#2449);
#2010=AXIS2_PLACEMENT_3D('',#3022,#2453,#2454);
#2011=AXIS2_PLACEMENT_3D('',#3024,#2455,#2456);
#2012=AXIS2_PLACEMENT_3D('',#3026,#2458,#2459);
#2013=AXIS2_PLACEMENT_3D('',#3030,#2462,#2463);
#2014=AXIS2_PLACEMENT_3D('',#3032,#2464,#2465);
#2015=AXIS2_PLACEMENT_3D('',#3034,#2467,#2468);
#2016=AXIS2_PLACEMENT_3D('',#3038,#2471,#2472);
#2017=AXIS2_PLACEMENT_3D('',#3040,#2473,#2474);
#2018=AXIS2_PLACEMENT_3D('',#3042,#2476,#2477);
#2019=AXIS2_PLACEMENT_3D('',#3046,#2480,#2481);
#2020=AXIS2_PLACEMENT_3D('',#3047,#2482,#2483);
#2021=AXIS2_PLACEMENT_3D('',#3048,#2484,#2485);
#2022=AXIS2_PLACEMENT_3D('',#3050,#2486,#2487);
#2023=AXIS2_PLACEMENT_3D('',#3052,#2489,#2490);
#2024=AXIS2_PLACEMENT_3D('',#3058,#2494,#2495);
#2025=AXIS2_PLACEMENT_3D('',#3060,#2496,#2497);
#2026=AXIS2_PLACEMENT_3D('',#3062,#2499,#2500);
#2027=AXIS2_PLACEMENT_3D('',#3066,#2503,#2504);
#2028=AXIS2_PLACEMENT_3D('',#3068,#2505,#2506);
#2029=AXIS2_PLACEMENT_3D('',#3070,#2508,#2509);
#2030=AXIS2_PLACEMENT_3D('',#3074,#2512,#2513);
#2031=AXIS2_PLACEMENT_3D('',#3076,#2514,#2515);
#2032=AXIS2_PLACEMENT_3D('',#3078,#2517,#2518);
#2033=AXIS2_PLACEMENT_3D('',#3082,#2521,#2522);
#2034=AXIS2_PLACEMENT_3D('',#3084,#2523,#2524);
#2035=AXIS2_PLACEMENT_3D('',#3086,#2526,#2527);
#2036=AXIS2_PLACEMENT_3D('',#3090,#2530,#2531);
#2037=AXIS2_PLACEMENT_3D('',#3092,#2532,#2533);
#2038=AXIS2_PLACEMENT_3D('',#3094,#2535,#2536);
#2039=AXIS2_PLACEMENT_3D('',#3098,#2539,#2540);
#2040=AXIS2_PLACEMENT_3D('',#3100,#2541,#2542);
#2041=AXIS2_PLACEMENT_3D('',#3102,#2544,#2545);
#2042=AXIS2_PLACEMENT_3D('',#3106,#2548,#2549);
#2043=AXIS2_PLACEMENT_3D('',#3108,#2550,#2551);
#2044=AXIS2_PLACEMENT_3D('',#3110,#2553,#2554);
#2045=AXIS2_PLACEMENT_3D('',#3114,#2557,#2558);
#2046=AXIS2_PLACEMENT_3D('',#3115,#2559,#2560);
#2047=AXIS2_PLACEMENT_3D('',#3116,#2561,#2562);
#2048=AXIS2_PLACEMENT_3D('',#3118,#2564,#2565);
#2049=AXIS2_PLACEMENT_3D('',#3120,#2567,#2568);
#2050=AXIS2_PLACEMENT_3D('',#3122,#2570,#2571);
#2051=AXIS2_PLACEMENT_3D('',#3126,#2574,#2575);
#2052=AXIS2_PLACEMENT_3D('',#3130,#2578,#2579);
#2053=AXIS2_PLACEMENT_3D('',#3132,#2580,#2581);
#2054=AXIS2_PLACEMENT_3D('',#3134,#2583,#2584);
#2055=AXIS2_PLACEMENT_3D('',#3138,#2587,#2588);
#2056=AXIS2_PLACEMENT_3D('',#3140,#2589,#2590);
#2057=AXIS2_PLACEMENT_3D('',#3142,#2592,#2593);
#2058=AXIS2_PLACEMENT_3D('',#3146,#2596,#2597);
#2059=AXIS2_PLACEMENT_3D('',#3148,#2598,#2599);
#2060=AXIS2_PLACEMENT_3D('',#3150,#2601,#2602);
#2061=AXIS2_PLACEMENT_3D('',#3154,#2605,#2606);
#2062=AXIS2_PLACEMENT_3D('',#3155,#2607,#2608);
#2063=AXIS2_PLACEMENT_3D('',#3156,#2609,#2610);
#2064=AXIS2_PLACEMENT_3D('',#3157,#2611,#2612);
#2065=DIRECTION('axis',(0.,0.,1.));
#2066=DIRECTION('refdir',(1.,0.,0.));
#2067=DIRECTION('axis',(0.,0.,1.));
#2068=DIRECTION('refdir',(1.,0.,0.));
#2069=DIRECTION('center_axis',(0.,-1.,0.));
#2070=DIRECTION('ref_axis',(0.,0.,-1.));
#2071=DIRECTION('',(0.,0.,-1.));
#2072=DIRECTION('',(-1.,0.,0.));
#2073=DIRECTION('',(0.,0.,-1.));
#2074=DIRECTION('',(1.,0.,0.));
#2075=DIRECTION('center_axis',(-1.,0.,0.));
#2076=DIRECTION('ref_axis',(0.,0.,1.));
#2077=DIRECTION('',(1.97372982155584E-16,-1.,0.));
#2078=DIRECTION('',(0.,0.,-1.));
#2079=DIRECTION('',(-1.97372982155584E-16,1.,0.));
#2080=DIRECTION('center_axis',(0.,1.,0.));
#2081=DIRECTION('ref_axis',(-1.,0.,0.));
#2082=DIRECTION('',(1.,0.,0.));
#2083=DIRECTION('',(0.,0.,1.));
#2084=DIRECTION('',(-1.,0.,0.));
#2085=DIRECTION('center_axis',(0.,0.,1.));
#2086=DIRECTION('ref_axis',(0.707106781186547,-0.707106781186547,0.));
#2087=DIRECTION('center_axis',(0.,0.,-1.));
#2088=DIRECTION('ref_axis',(0.707106781186547,-0.707106781186547,0.));
#2089=DIRECTION('',(0.,0.,-1.));
#2090=DIRECTION('center_axis',(0.,0.,1.));
#2091=DIRECTION('ref_axis',(0.707106781186547,-0.707106781186547,0.));
#2092=DIRECTION('',(0.,0.,1.));
#2093=DIRECTION('center_axis',(0.,0.,1.));
#2094=DIRECTION('ref_axis',(1.,0.,0.));
#2095=DIRECTION('',(1.,0.,0.));
#2096=DIRECTION('center_axis',(0.,0.,1.));
#2097=DIRECTION('ref_axis',(-0.707106781186547,-0.707106781186547,0.));
#2098=DIRECTION('',(0.,-1.,0.));
#2099=DIRECTION('center_axis',(0.,0.,1.));
#2100=DIRECTION('ref_axis',(-0.707106781186547,0.707106781186547,0.));
#2101=DIRECTION('',(-1.,0.,0.));
#2102=DIRECTION('',(0.,-1.,0.));
#2103=DIRECTION('',(1.,0.,0.));
#2104=DIRECTION('center_axis',(0.,0.,-1.));
#2105=DIRECTION('ref_axis',(0.0268713239361758,0.999638900778635,0.));
#2106=DIRECTION('',(0.,1.,0.));
#2107=DIRECTION('center_axis',(0.,0.,-1.));
#2108=DIRECTION('ref_axis',(-1.,0.,0.));
#2109=DIRECTION('',(-1.,0.,0.));
#2110=DIRECTION('center_axis',(0.,0.,-1.));
#2111=DIRECTION('ref_axis',(0.,-1.,0.));
#2112=DIRECTION('',(0.,-1.,0.));
#2113=DIRECTION('center_axis',(0.,0.,-1.));
#2114=DIRECTION('ref_axis',(0.999638900778635,-0.0268713239361814,0.));
#2115=DIRECTION('',(1.,0.,0.));
#2116=DIRECTION('center_axis',(0.,0.,-1.));
#2117=DIRECTION('ref_axis',(0.0268713239361826,0.999638900778634,0.));
#2118=DIRECTION('',(-1.70878449060592E-16,1.,0.));
#2119=DIRECTION('center_axis',(0.,0.,-1.));
#2120=DIRECTION('ref_axis',(-1.,0.,0.));
#2121=DIRECTION('',(-1.,0.,0.));
#2122=DIRECTION('center_axis',(0.,0.,-1.));
#2123=DIRECTION('ref_axis',(0.,-1.,0.));
#2124=DIRECTION('',(-3.41757898151714E-16,-1.,0.));
#2125=DIRECTION('center_axis',(0.,0.,-1.));
#2126=DIRECTION('ref_axis',(0.999638900778635,-0.0268713239361724,0.));
#2127=DIRECTION('',(1.,0.,0.));
#2128=DIRECTION('center_axis',(0.,0.,-1.));
#2129=DIRECTION('ref_axis',(0.0268713239361814,0.999638900778635,0.));
#2130=DIRECTION('',(-1.70878449060592E-16,1.,0.));
#2131=DIRECTION('center_axis',(0.,0.,-1.));
#2132=DIRECTION('ref_axis',(-1.,0.,0.));
#2133=DIRECTION('',(-1.,0.,0.));
#2134=DIRECTION('center_axis',(0.,0.,-1.));
#2135=DIRECTION('ref_axis',(0.,-1.,0.));
#2136=DIRECTION('',(0.,-1.,0.));
#2137=DIRECTION('center_axis',(0.,0.,-1.));
#2138=DIRECTION('ref_axis',(0.999638900778635,-0.0268713239361803,0.));
#2139=DIRECTION('',(0.,1.,0.));
#2140=DIRECTION('',(-1.,0.,0.));
#2141=DIRECTION('center_axis',(0.,0.,1.));
#2142=DIRECTION('ref_axis',(0.707106781186547,0.707106781186547,0.));
#2143=DIRECTION('',(0.,1.,0.));
#2144=DIRECTION('center_axis',(0.,0.,-1.));
#2145=DIRECTION('ref_axis',(1.,0.,0.));
#2146=DIRECTION('center_axis',(0.,0.,-1.));
#2147=DIRECTION('ref_axis',(0.0268713239361888,0.999638900778634,0.));
#2148=DIRECTION('',(0.,1.,0.));
#2149=DIRECTION('center_axis',(0.,0.,-1.));
#2150=DIRECTION('ref_axis',(-1.,0.,0.));
#2151=DIRECTION('',(-1.,0.,0.));
#2152=DIRECTION('center_axis',(0.,0.,-1.));
#2153=DIRECTION('ref_axis',(0.,-1.,0.));
#2154=DIRECTION('',(-3.41757898151714E-16,-1.,0.));
#2155=DIRECTION('center_axis',(0.,0.,-1.));
#2156=DIRECTION('ref_axis',(0.999638900778635,-0.0268713239361758,0.));
#2157=DIRECTION('',(1.,3.41907844111356E-16,0.));
#2158=DIRECTION('center_axis',(0.,0.,-1.));
#2159=DIRECTION('ref_axis',(0.0268713239361792,0.999638900778635,0.));
#2160=DIRECTION('',(0.,1.,0.));
#2161=DIRECTION('center_axis',(0.,0.,-1.));
#2162=DIRECTION('ref_axis',(-1.,0.,0.));
#2163=DIRECTION('',(-1.,3.41607084500048E-16,0.));
#2164=DIRECTION('center_axis',(0.,0.,-1.));
#2165=DIRECTION('ref_axis',(-2.22044604925031E-15,-1.,0.));
#2166=DIRECTION('',(3.41757898151716E-16,-1.,0.));
#2167=DIRECTION('center_axis',(0.,0.,-1.));
#2168=DIRECTION('ref_axis',(0.999638900778634,-0.0268713239361932,0.));
#2169=DIRECTION('',(1.,0.,0.));
#2170=DIRECTION('center_axis',(0.,0.,-1.));
#2171=DIRECTION('ref_axis',(0.026871323936186,0.999638900778634,0.));
#2172=DIRECTION('',(0.,1.,0.));
#2173=DIRECTION('center_axis',(0.,0.,-1.));
#2174=DIRECTION('ref_axis',(-1.,0.,0.));
#2175=DIRECTION('',(-1.,3.41607084500048E-16,0.));
#2176=DIRECTION('center_axis',(0.,0.,-1.));
#2177=DIRECTION('ref_axis',(0.,-1.,0.));
#2178=DIRECTION('',(0.,-1.,0.));
#2179=DIRECTION('center_axis',(0.,0.,-1.));
#2180=DIRECTION('ref_axis',(0.999638900778635,-0.0268713239361803,0.));
#2181=DIRECTION('',(1.,3.41907844111356E-16,0.));
#2182=DIRECTION('center_axis',(0.,0.,-1.));
#2183=DIRECTION('ref_axis',(1.,0.,0.));
#2184=DIRECTION('center_axis',(0.,0.,-1.));
#2185=DIRECTION('ref_axis',(1.,0.,0.));
#2186=DIRECTION('center_axis',(0.,0.,-1.));
#2187=DIRECTION('ref_axis',(0.0268713239361781,0.999638900778635,0.));
#2188=DIRECTION('',(0.,1.,0.));
#2189=DIRECTION('center_axis',(0.,0.,-1.));
#2190=DIRECTION('ref_axis',(-1.,0.,0.));
#2191=DIRECTION('',(-1.,3.41607084500048E-16,0.));
#2192=DIRECTION('center_axis',(0.,0.,-1.));
#2193=DIRECTION('ref_axis',(0.,-1.,0.));
#2194=DIRECTION('',(5.12636847227573E-16,-1.,0.));
#2195=DIRECTION('center_axis',(0.,0.,-1.));
#2196=DIRECTION('ref_axis',(0.999638900778634,-0.0268713239361868,0.));
#2197=DIRECTION('',(1.,0.,0.));
#2198=DIRECTION('center_axis',(0.,0.,-1.));
#2199=DIRECTION('ref_axis',(0.0268713239361826,0.999638900778634,0.));
#2200=DIRECTION('',(0.,1.,0.));
#2201=DIRECTION('center_axis',(0.,0.,-1.));
#2202=DIRECTION('ref_axis',(-1.,0.,0.));
#2203=DIRECTION('',(-1.,0.,0.));
#2204=DIRECTION('center_axis',(0.,0.,-1.));
#2205=DIRECTION('ref_axis',(0.,-1.,0.));
#2206=DIRECTION('',(0.,-1.,0.));
#2207=DIRECTION('center_axis',(0.,0.,-1.));
#2208=DIRECTION('ref_axis',(0.999638900778635,-0.0268713239361803,0.));
#2209=DIRECTION('',(1.,0.,0.));
#2210=DIRECTION('center_axis',(0.,0.,-1.));
#2211=DIRECTION('ref_axis',(0.0268713239361826,0.999638900778634,0.));
#2212=DIRECTION('',(0.,1.,0.));
#2213=DIRECTION('center_axis',(0.,0.,-1.));
#2214=DIRECTION('ref_axis',(-1.,0.,0.));
#2215=DIRECTION('',(-1.,0.,0.));
#2216=DIRECTION('center_axis',(0.,0.,-1.));
#2217=DIRECTION('ref_axis',(0.,-1.,0.));
#2218=DIRECTION('',(0.,-1.,0.));
#2219=DIRECTION('center_axis',(0.,0.,-1.));
#2220=DIRECTION('ref_axis',(0.999638900778634,-0.0268713239361826,0.));
#2221=DIRECTION('',(1.,0.,0.));
#2222=DIRECTION('center_axis',(0.,0.,-1.));
#2223=DIRECTION('ref_axis',(1.,0.,0.));
#2224=DIRECTION('center_axis',(0.,-1.,0.));
#2225=DIRECTION('ref_axis',(1.,0.,0.));
#2226=DIRECTION('',(1.,0.,0.));
#2227=DIRECTION('',(0.,0.,1.));
#2228=DIRECTION('center_axis',(0.,0.,1.));
#2229=DIRECTION('ref_axis',(-0.707106781186547,-0.707106781186547,0.));
#2230=DIRECTION('center_axis',(0.,0.,-1.));
#2231=DIRECTION('ref_axis',(-0.707106781186547,-0.707106781186547,0.));
#2232=DIRECTION('',(0.,0.,-1.));
#2233=DIRECTION('center_axis',(0.,0.,1.));
#2234=DIRECTION('ref_axis',(0.707106781186547,0.707106781186547,0.));
#2235=DIRECTION('center_axis',(0.,0.,-1.));
#2236=DIRECTION('ref_axis',(0.707106781186547,0.707106781186547,0.));
#2237=DIRECTION('',(0.,0.,-1.));
#2238=DIRECTION('',(0.,0.,1.));
#2239=DIRECTION('center_axis',(0.,1.,0.));
#2240=DIRECTION('ref_axis',(-1.,0.,0.));
#2241=DIRECTION('',(0.,0.,1.));
#2242=DIRECTION('',(-1.,0.,0.));
#2243=DIRECTION('center_axis',(0.,0.,1.));
#2244=DIRECTION('ref_axis',(-0.707106781186547,0.707106781186547,0.));
#2245=DIRECTION('center_axis',(0.,0.,-1.));
#2246=DIRECTION('ref_axis',(-0.707106781186547,0.707106781186547,0.));
#2247=DIRECTION('',(0.,0.,-1.));
#2248=DIRECTION('',(0.,0.,1.));
#2249=DIRECTION('center_axis',(0.,1.,0.));
#2250=DIRECTION('ref_axis',(-1.,0.,0.));
#2251=DIRECTION('',(-1.,0.,0.));
#2252=DIRECTION('',(0.,0.,1.));
#2253=DIRECTION('center_axis',(0.,0.,1.));
#2254=DIRECTION('ref_axis',(1.,0.,0.));
#2255=DIRECTION('center_axis',(0.,0.,-1.));
#2256=DIRECTION('ref_axis',(1.,0.,0.));
#2257=DIRECTION('',(0.,0.,-1.));
#2258=DIRECTION('center_axis',(1.,0.,0.));
#2259=DIRECTION('ref_axis',(0.,1.,0.));
#2260=DIRECTION('',(0.,0.,1.));
#2261=DIRECTION('',(0.,1.,0.));
#2262=DIRECTION('',(0.,0.,1.));
#2263=DIRECTION('center_axis',(0.,0.,1.));
#2264=DIRECTION('ref_axis',(-1.,0.,0.));
#2265=DIRECTION('center_axis',(0.,0.,-1.));
#2266=DIRECTION('ref_axis',(-1.,0.,0.));
#2267=DIRECTION('',(0.,0.,1.));
#2268=DIRECTION('center_axis',(0.,1.,0.));
#2269=DIRECTION('ref_axis',(-1.,0.,0.));
#2270=DIRECTION('',(-1.,0.,0.));
#2271=DIRECTION('',(0.,0.,1.));
#2272=DIRECTION('center_axis',(0.,0.,1.));
#2273=DIRECTION('ref_axis',(0.,-1.,0.));
#2274=DIRECTION('center_axis',(0.,0.,-1.));
#2275=DIRECTION('ref_axis',(0.,-1.,0.));
#2276=DIRECTION('',(0.,0.,1.));
#2277=DIRECTION('center_axis',(-1.,0.,0.));
#2278=DIRECTION('ref_axis',(0.,-1.,0.));
#2279=DIRECTION('',(0.,-1.,0.));
#2280=DIRECTION('',(0.,0.,1.));
#2281=DIRECTION('center_axis',(0.,0.,1.));
#2282=DIRECTION('ref_axis',(0.999638900778634,-0.0268713239361826,0.));
#2283=DIRECTION('center_axis',(0.,0.,-1.));
#2284=DIRECTION('ref_axis',(0.999638900778634,-0.0268713239361826,0.));
#2285=DIRECTION('',(0.,0.,1.));
#2286=DIRECTION('center_axis',(0.,-1.,0.));
#2287=DIRECTION('ref_axis',(1.,0.,0.));
#2288=DIRECTION('',(1.,0.,0.));
#2289=DIRECTION('',(0.,0.,1.));
#2290=DIRECTION('center_axis',(0.,0.,1.));
#2291=DIRECTION('ref_axis',(0.0268713239361826,0.999638900778634,0.));
#2292=DIRECTION('center_axis',(0.,0.,-1.));
#2293=DIRECTION('ref_axis',(0.0268713239361826,0.999638900778634,0.));
#2294=DIRECTION('center_axis',(1.,0.,0.));
#2295=DIRECTION('ref_axis',(0.,1.,0.));
#2296=DIRECTION('',(0.,0.,1.));
#2297=DIRECTION('',(0.,1.,0.));
#2298=DIRECTION('',(0.,0.,1.));
#2299=DIRECTION('center_axis',(0.,0.,1.));
#2300=DIRECTION('ref_axis',(-1.,0.,0.));
#2301=DIRECTION('center_axis',(0.,0.,-1.));
#2302=DIRECTION('ref_axis',(-1.,0.,0.));
#2303=DIRECTION('',(0.,0.,1.));
#2304=DIRECTION('center_axis',(0.,1.,0.));
#2305=DIRECTION('ref_axis',(-1.,0.,0.));
#2306=DIRECTION('',(-1.,0.,0.));
#2307=DIRECTION('',(0.,0.,1.));
#2308=DIRECTION('center_axis',(0.,0.,1.));
#2309=DIRECTION('ref_axis',(0.,-1.,0.));
#2310=DIRECTION('center_axis',(0.,0.,-1.));
#2311=DIRECTION('ref_axis',(0.,-1.,0.));
#2312=DIRECTION('',(0.,0.,1.));
#2313=DIRECTION('center_axis',(-1.,0.,0.));
#2314=DIRECTION('ref_axis',(0.,-1.,0.));
#2315=DIRECTION('',(0.,-1.,0.));
#2316=DIRECTION('',(0.,0.,1.));
#2317=DIRECTION('center_axis',(0.,0.,1.));
#2318=DIRECTION('ref_axis',(0.999638900778635,-0.0268713239361803,0.));
#2319=DIRECTION('center_axis',(0.,0.,-1.));
#2320=DIRECTION('ref_axis',(0.999638900778635,-0.0268713239361803,0.));
#2321=DIRECTION('',(0.,0.,1.));
#2322=DIRECTION('center_axis',(0.,-1.,0.));
#2323=DIRECTION('ref_axis',(1.,0.,0.));
#2324=DIRECTION('',(1.,0.,0.));
#2325=DIRECTION('',(0.,0.,1.));
#2326=DIRECTION('center_axis',(0.,0.,1.));
#2327=DIRECTION('ref_axis',(0.0268713239361826,0.999638900778634,0.));
#2328=DIRECTION('center_axis',(0.,0.,-1.));
#2329=DIRECTION('ref_axis',(0.0268713239361826,0.999638900778634,0.));
#2330=DIRECTION('center_axis',(1.,0.,0.));
#2331=DIRECTION('ref_axis',(0.,1.,0.));
#2332=DIRECTION('',(0.,0.,1.));
#2333=DIRECTION('',(0.,1.,0.));
#2334=DIRECTION('',(0.,0.,1.));
#2335=DIRECTION('center_axis',(0.,0.,1.));
#2336=DIRECTION('ref_axis',(-1.,0.,0.));
#2337=DIRECTION('center_axis',(0.,0.,-1.));
#2338=DIRECTION('ref_axis',(-1.,0.,0.));
#2339=DIRECTION('',(0.,0.,1.));
#2340=DIRECTION('center_axis',(3.41607084500048E-16,1.,0.));
#2341=DIRECTION('ref_axis',(-1.,3.41607084500048E-16,0.));
#2342=DIRECTION('',(-1.,3.41607084500048E-16,0.));
#2343=DIRECTION('',(0.,0.,1.));
#2344=DIRECTION('center_axis',(0.,0.,1.));
#2345=DIRECTION('ref_axis',(0.,-1.,0.));
#2346=DIRECTION('center_axis',(0.,0.,-1.));
#2347=DIRECTION('ref_axis',(0.,-1.,0.));
#2348=DIRECTION('',(0.,0.,1.));
#2349=DIRECTION('center_axis',(-1.,-5.12636847227573E-16,0.));
#2350=DIRECTION('ref_axis',(5.12636847227573E-16,-1.,0.));
#2351=DIRECTION('',(5.12636847227573E-16,-1.,0.));
#2352=DIRECTION('',(0.,0.,1.));
#2353=DIRECTION('center_axis',(0.,0.,1.));
#2354=DIRECTION('ref_axis',(0.999638900778634,-0.0268713239361868,0.));
#2355=DIRECTION('center_axis',(0.,0.,-1.));
#2356=DIRECTION('ref_axis',(0.999638900778634,-0.0268713239361868,0.));
#2357=DIRECTION('',(0.,0.,1.));
#2358=DIRECTION('center_axis',(0.,-1.,0.));
#2359=DIRECTION('ref_axis',(1.,0.,0.));
#2360=DIRECTION('',(1.,0.,0.));
#2361=DIRECTION('',(0.,0.,1.));
#2362=DIRECTION('center_axis',(0.,0.,1.));
#2363=DIRECTION('ref_axis',(0.0268713239361781,0.999638900778635,0.));
#2364=DIRECTION('center_axis',(0.,0.,-1.));
#2365=DIRECTION('ref_axis',(0.0268713239361781,0.999638900778635,0.));
#2366=DIRECTION('center_axis',(0.,0.,1.));
#2367=DIRECTION('ref_axis',(1.,0.,0.));
#2368=DIRECTION('center_axis',(0.,0.,-1.));
#2369=DIRECTION('ref_axis',(1.,0.,0.));
#2370=DIRECTION('',(0.,0.,-1.));
#2371=DIRECTION('center_axis',(0.,0.,1.));
#2372=DIRECTION('ref_axis',(1.,0.,0.));
#2373=DIRECTION('center_axis',(0.,0.,-1.));
#2374=DIRECTION('ref_axis',(1.,0.,0.));
#2375=DIRECTION('',(0.,0.,-1.));
#2376=DIRECTION('center_axis',(1.,0.,0.));
#2377=DIRECTION('ref_axis',(0.,1.,0.));
#2378=DIRECTION('',(0.,0.,1.));
#2379=DIRECTION('',(0.,1.,0.));
#2380=DIRECTION('',(0.,0.,1.));
#2381=DIRECTION('center_axis',(0.,0.,1.));
#2382=DIRECTION('ref_axis',(-1.,0.,0.));
#2383=DIRECTION('center_axis',(0.,0.,-1.));
#2384=DIRECTION('ref_axis',(-1.,0.,0.));
#2385=DIRECTION('',(0.,0.,1.));
#2386=DIRECTION('center_axis',(3.41607084500048E-16,1.,0.));
#2387=DIRECTION('ref_axis',(-1.,3.41607084500048E-16,0.));
#2388=DIRECTION('',(-1.,3.41607084500048E-16,0.));
#2389=DIRECTION('',(0.,0.,1.));
#2390=DIRECTION('center_axis',(0.,0.,1.));
#2391=DIRECTION('ref_axis',(0.,-1.,0.));
#2392=DIRECTION('center_axis',(0.,0.,-1.));
#2393=DIRECTION('ref_axis',(0.,-1.,0.));
#2394=DIRECTION('',(0.,0.,1.));
#2395=DIRECTION('center_axis',(-1.,0.,0.));
#2396=DIRECTION('ref_axis',(0.,-1.,0.));
#2397=DIRECTION('',(0.,-1.,0.));
#2398=DIRECTION('',(0.,0.,1.));
#2399=DIRECTION('center_axis',(0.,0.,1.));
#2400=DIRECTION('ref_axis',(0.999638900778635,-0.0268713239361803,0.));
#2401=DIRECTION('center_axis',(0.,0.,-1.));
#2402=DIRECTION('ref_axis',(0.999638900778635,-0.0268713239361803,0.));
#2403=DIRECTION('',(0.,0.,1.));
#2404=DIRECTION('center_axis',(3.41907844111356E-16,-1.,0.));
#2405=DIRECTION('ref_axis',(1.,3.41907844111356E-16,0.));
#2406=DIRECTION('',(1.,3.41907844111356E-16,0.));
#2407=DIRECTION('',(0.,0.,1.));
#2408=DIRECTION('center_axis',(0.,0.,1.));
#2409=DIRECTION('ref_axis',(0.026871323936186,0.999638900778634,0.));
#2410=DIRECTION('center_axis',(0.,0.,-1.));
#2411=DIRECTION('ref_axis',(0.026871323936186,0.999638900778634,0.));
#2412=DIRECTION('center_axis',(1.,0.,0.));
#2413=DIRECTION('ref_axis',(0.,1.,0.));
#2414=DIRECTION('',(0.,0.,1.));
#2415=DIRECTION('',(0.,1.,0.));
#2416=DIRECTION('',(0.,0.,1.));
#2417=DIRECTION('center_axis',(0.,0.,1.));
#2418=DIRECTION('ref_axis',(-1.,0.,0.));
#2419=DIRECTION('center_axis',(0.,0.,-1.));
#2420=DIRECTION('ref_axis',(-1.,0.,0.));
#2421=DIRECTION('',(0.,0.,1.));
#2422=DIRECTION('center_axis',(3.41607084500048E-16,1.,0.));
#2423=DIRECTION('ref_axis',(-1.,3.41607084500048E-16,0.));
#2424=DIRECTION('',(-1.,3.41607084500048E-16,0.));
#2425=DIRECTION('',(0.,0.,1.));
#2426=DIRECTION('center_axis',(0.,0.,1.));
#2427=DIRECTION('ref_axis',(-2.22044604925031E-15,-1.,0.));
#2428=DIRECTION('center_axis',(0.,0.,-1.));
#2429=DIRECTION('ref_axis',(-2.22044604925031E-15,-1.,0.));
#2430=DIRECTION('',(0.,0.,1.));
#2431=DIRECTION('center_axis',(-1.,-3.41757898151716E-16,0.));
#2432=DIRECTION('ref_axis',(3.41757898151716E-16,-1.,0.));
#2433=DIRECTION('',(3.41757898151716E-16,-1.,0.));
#2434=DIRECTION('',(0.,0.,1.));
#2435=DIRECTION('center_axis',(0.,0.,1.));
#2436=DIRECTION('ref_axis',(0.999638900778634,-0.0268713239361932,0.));
#2437=DIRECTION('center_axis',(0.,0.,-1.));
#2438=DIRECTION('ref_axis',(0.999638900778634,-0.0268713239361932,0.));
#2439=DIRECTION('',(0.,0.,1.));
#2440=DIRECTION('center_axis',(0.,-1.,0.));
#2441=DIRECTION('ref_axis',(1.,0.,0.));
#2442=DIRECTION('',(1.,0.,0.));
#2443=DIRECTION('',(0.,0.,1.));
#2444=DIRECTION('center_axis',(0.,0.,1.));
#2445=DIRECTION('ref_axis',(0.0268713239361792,0.999638900778635,0.));
#2446=DIRECTION('center_axis',(0.,0.,-1.));
#2447=DIRECTION('ref_axis',(0.0268713239361792,0.999638900778635,0.));
#2448=DIRECTION('center_axis',(1.,0.,0.));
#2449=DIRECTION('ref_axis',(0.,1.,0.));
#2450=DIRECTION('',(0.,0.,1.));
#2451=DIRECTION('',(0.,1.,0.));
#2452=DIRECTION('',(0.,0.,1.));
#2453=DIRECTION('center_axis',(0.,0.,1.));
#2454=DIRECTION('ref_axis',(-1.,0.,0.));
#2455=DIRECTION('center_axis',(0.,0.,-1.));
#2456=DIRECTION('ref_axis',(-1.,0.,0.));
#2457=DIRECTION('',(0.,0.,1.));
#2458=DIRECTION('center_axis',(0.,1.,0.));
#2459=DIRECTION('ref_axis',(-1.,0.,0.));
#2460=DIRECTION('',(-1.,0.,0.));
#2461=DIRECTION('',(0.,0.,1.));
#2462=DIRECTION('center_axis',(0.,0.,1.));
#2463=DIRECTION('ref_axis',(0.,-1.,0.));
#2464=DIRECTION('center_axis',(0.,0.,-1.));
#2465=DIRECTION('ref_axis',(0.,-1.,0.));
#2466=DIRECTION('',(0.,0.,1.));
#2467=DIRECTION('center_axis',(-1.,3.41757898151714E-16,0.));
#2468=DIRECTION('ref_axis',(-3.41757898151714E-16,-1.,0.));
#2469=DIRECTION('',(-3.41757898151714E-16,-1.,0.));
#2470=DIRECTION('',(0.,0.,1.));
#2471=DIRECTION('center_axis',(0.,0.,1.));
#2472=DIRECTION('ref_axis',(0.999638900778635,-0.0268713239361758,0.));
#2473=DIRECTION('center_axis',(0.,0.,-1.));
#2474=DIRECTION('ref_axis',(0.999638900778635,-0.0268713239361758,0.));
#2475=DIRECTION('',(0.,0.,1.));
#2476=DIRECTION('center_axis',(3.41907844111356E-16,-1.,0.));
#2477=DIRECTION('ref_axis',(1.,3.41907844111356E-16,0.));
#2478=DIRECTION('',(1.,3.41907844111356E-16,0.));
#2479=DIRECTION('',(0.,0.,1.));
#2480=DIRECTION('center_axis',(0.,0.,1.));
#2481=DIRECTION('ref_axis',(0.0268713239361888,0.999638900778634,0.));
#2482=DIRECTION('center_axis',(0.,0.,-1.));
#2483=DIRECTION('ref_axis',(0.0268713239361888,0.999638900778634,0.));
#2484=DIRECTION('center_axis',(0.,0.,1.));
#2485=DIRECTION('ref_axis',(1.,0.,0.));
#2486=DIRECTION('center_axis',(0.,0.,-1.));
#2487=DIRECTION('ref_axis',(1.,0.,0.));
#2488=DIRECTION('',(0.,0.,-1.));
#2489=DIRECTION('center_axis',(0.,1.,0.));
#2490=DIRECTION('ref_axis',(-1.,0.,0.));
#2491=DIRECTION('',(0.,0.,1.));
#2492=DIRECTION('',(-1.,0.,0.));
#2493=DIRECTION('',(0.,0.,1.));
#2494=DIRECTION('center_axis',(0.,0.,1.));
#2495=DIRECTION('ref_axis',(0.0268713239361826,0.999638900778634,0.));
#2496=DIRECTION('center_axis',(0.,0.,-1.));
#2497=DIRECTION('ref_axis',(0.0268713239361826,0.999638900778634,0.));
#2498=DIRECTION('',(0.,0.,1.));
#2499=DIRECTION('center_axis',(1.,1.70878449060592E-16,0.));
#2500=DIRECTION('ref_axis',(-1.70878449060592E-16,1.,0.));
#2501=DIRECTION('',(-1.70878449060592E-16,1.,0.));
#2502=DIRECTION('',(0.,0.,1.));
#2503=DIRECTION('center_axis',(0.,0.,1.));
#2504=DIRECTION('ref_axis',(-1.,0.,0.));
#2505=DIRECTION('center_axis',(0.,0.,-1.));
#2506=DIRECTION('ref_axis',(-1.,0.,0.));
#2507=DIRECTION('',(0.,0.,1.));
#2508=DIRECTION('center_axis',(0.,1.,0.));
#2509=DIRECTION('ref_axis',(-1.,0.,0.));
#2510=DIRECTION('',(-1.,0.,0.));
#2511=DIRECTION('',(0.,0.,1.));
#2512=DIRECTION('center_axis',(0.,0.,1.));
#2513=DIRECTION('ref_axis',(0.,-1.,0.));
#2514=DIRECTION('center_axis',(0.,0.,-1.));
#2515=DIRECTION('ref_axis',(0.,-1.,0.));
#2516=DIRECTION('',(0.,0.,1.));
#2517=DIRECTION('center_axis',(-1.,3.41757898151714E-16,0.));
#2518=DIRECTION('ref_axis',(-3.41757898151714E-16,-1.,0.));
#2519=DIRECTION('',(-3.41757898151714E-16,-1.,0.));
#2520=DIRECTION('',(0.,0.,1.));
#2521=DIRECTION('center_axis',(0.,0.,1.));
#2522=DIRECTION('ref_axis',(0.999638900778635,-0.0268713239361724,0.));
#2523=DIRECTION('center_axis',(0.,0.,-1.));
#2524=DIRECTION('ref_axis',(0.999638900778635,-0.0268713239361724,0.));
#2525=DIRECTION('',(0.,0.,1.));
#2526=DIRECTION('center_axis',(0.,1.,0.));
#2527=DIRECTION('ref_axis',(-1.,0.,0.));
#2528=DIRECTION('',(-1.,0.,0.));
#2529=DIRECTION('',(0.,0.,1.));
#2530=DIRECTION('center_axis',(0.,0.,1.));
#2531=DIRECTION('ref_axis',(0.0268713239361814,0.999638900778635,0.));
#2532=DIRECTION('center_axis',(0.,0.,-1.));
#2533=DIRECTION('ref_axis',(0.0268713239361814,0.999638900778635,0.));
#2534=DIRECTION('',(0.,0.,1.));
#2535=DIRECTION('center_axis',(1.,1.70878449060592E-16,0.));
#2536=DIRECTION('ref_axis',(-1.70878449060592E-16,1.,0.));
#2537=DIRECTION('',(-1.70878449060592E-16,1.,0.));
#2538=DIRECTION('',(0.,0.,1.));
#2539=DIRECTION('center_axis',(0.,0.,1.));
#2540=DIRECTION('ref_axis',(-1.,0.,0.));
#2541=DIRECTION('center_axis',(0.,0.,-1.));
#2542=DIRECTION('ref_axis',(-1.,0.,0.));
#2543=DIRECTION('',(0.,0.,1.));
#2544=DIRECTION('center_axis',(0.,1.,0.));
#2545=DIRECTION('ref_axis',(-1.,0.,0.));
#2546=DIRECTION('',(-1.,0.,0.));
#2547=DIRECTION('',(0.,0.,1.));
#2548=DIRECTION('center_axis',(0.,0.,1.));
#2549=DIRECTION('ref_axis',(0.,-1.,0.));
#2550=DIRECTION('center_axis',(0.,0.,-1.));
#2551=DIRECTION('ref_axis',(0.,-1.,0.));
#2552=DIRECTION('',(0.,0.,1.));
#2553=DIRECTION('center_axis',(-1.,0.,0.));
#2554=DIRECTION('ref_axis',(0.,-1.,0.));
#2555=DIRECTION('',(0.,-1.,0.));
#2556=DIRECTION('',(0.,0.,1.));
#2557=DIRECTION('center_axis',(0.,0.,1.));
#2558=DIRECTION('ref_axis',(0.999638900778635,-0.0268713239361803,0.));
#2559=DIRECTION('center_axis',(0.,0.,-1.));
#2560=DIRECTION('ref_axis',(0.999638900778635,-0.0268713239361803,0.));
#2561=DIRECTION('center_axis',(-1.,0.,0.));
#2562=DIRECTION('ref_axis',(0.,-1.,0.));
#2563=DIRECTION('',(0.,-1.,0.));
#2564=DIRECTION('center_axis',(1.,0.,0.));
#2565=DIRECTION('ref_axis',(0.,1.,0.));
#2566=DIRECTION('',(0.,1.,0.));
#2567=DIRECTION('center_axis',(-1.,0.,0.));
#2568=DIRECTION('ref_axis',(0.,-1.,0.));
#2569=DIRECTION('',(0.,-1.,0.));
#2570=DIRECTION('center_axis',(1.,0.,0.));
#2571=DIRECTION('ref_axis',(0.,1.,0.));
#2572=DIRECTION('',(0.,1.,0.));
#2573=DIRECTION('',(0.,0.,1.));
#2574=DIRECTION('center_axis',(0.,1.,0.));
#2575=DIRECTION('ref_axis',(-1.,0.,0.));
#2576=DIRECTION('',(-1.,0.,0.));
#2577=DIRECTION('',(0.,0.,1.));
#2578=DIRECTION('center_axis',(0.,0.,1.));
#2579=DIRECTION('ref_axis',(0.0268713239361758,0.999638900778635,0.));
#2580=DIRECTION('center_axis',(0.,0.,-1.));
#2581=DIRECTION('ref_axis',(0.0268713239361758,0.999638900778635,0.));
#2582=DIRECTION('',(0.,0.,1.));
#2583=DIRECTION('center_axis',(1.,0.,0.));
#2584=DIRECTION('ref_axis',(0.,1.,0.));
#2585=DIRECTION('',(0.,1.,0.));
#2586=DIRECTION('',(0.,0.,1.));
#2587=DIRECTION('center_axis',(0.,0.,1.));
#2588=DIRECTION('ref_axis',(-1.,0.,0.));
#2589=DIRECTION('center_axis',(0.,0.,-1.));
#2590=DIRECTION('ref_axis',(-1.,0.,0.));
#2591=DIRECTION('',(0.,0.,1.));
#2592=DIRECTION('center_axis',(0.,1.,0.));
#2593=DIRECTION('ref_axis',(-1.,0.,0.));
#2594=DIRECTION('',(-1.,0.,0.));
#2595=DIRECTION('',(0.,0.,1.));
#2596=DIRECTION('center_axis',(0.,0.,1.));
#2597=DIRECTION('ref_axis',(0.,-1.,0.));
#2598=DIRECTION('center_axis',(0.,0.,-1.));
#2599=DIRECTION('ref_axis',(0.,-1.,0.));
#2600=DIRECTION('',(0.,0.,1.));
#2601=DIRECTION('center_axis',(-1.,0.,0.));
#2602=DIRECTION('ref_axis',(0.,-1.,0.));
#2603=DIRECTION('',(0.,-1.,0.));
#2604=DIRECTION('',(0.,0.,1.));
#2605=DIRECTION('center_axis',(0.,0.,1.));
#2606=DIRECTION('ref_axis',(0.999638900778635,-0.0268713239361814,0.));
#2607=DIRECTION('center_axis',(0.,0.,-1.));
#2608=DIRECTION('ref_axis',(0.999638900778635,-0.0268713239361814,0.));
#2609=DIRECTION('center_axis',(0.,0.,1.));
#2610=DIRECTION('ref_axis',(1.,0.,0.));
#2611=DIRECTION('',(8.75811540203011E-47,0.,1.));
#2612=DIRECTION('',(1.,0.,9.2444637330586E-33));
#2613=CARTESIAN_POINT('',(0.,0.,0.));
#2614=CARTESIAN_POINT('',(0.,0.,0.));
#2615=CARTESIAN_POINT('Origin',(-9.13,41.3,10.5));
#2616=CARTESIAN_POINT('',(32.8,41.3,12.));
#2617=CARTESIAN_POINT('',(32.8,41.3,10.5));
#2618=CARTESIAN_POINT('',(32.8,41.3,10.5));
#2619=CARTESIAN_POINT('',(-9.13,41.3,12.));
#2620=CARTESIAN_POINT('',(33.,41.3,12.));
#2621=CARTESIAN_POINT('',(-9.13,41.3,10.5));
#2622=CARTESIAN_POINT('',(-9.12999999999999,41.3,10.5));
#2623=CARTESIAN_POINT('',(33.,41.3,10.5));
#2624=CARTESIAN_POINT('Origin',(32.8,41.5,10.5));
#2625=CARTESIAN_POINT('',(32.8,19.,10.5));
#2626=CARTESIAN_POINT('',(32.8,19.,10.5));
#2627=CARTESIAN_POINT('',(32.8,19.,12.));
#2628=CARTESIAN_POINT('',(32.8,19.,10.5));
#2629=CARTESIAN_POINT('',(32.8,19.,12.));
#2630=CARTESIAN_POINT('Origin',(33.,19.,10.5));
#2631=CARTESIAN_POINT('',(25.7912685894704,19.,10.5));
#2632=CARTESIAN_POINT('',(-9.12999999999999,19.,10.5));
#2633=CARTESIAN_POINT('',(25.7912685894704,19.,12.));
#2634=CARTESIAN_POINT('',(25.7912685894704,19.,10.5));
#2635=CARTESIAN_POINT('',(-9.12999999999999,19.,12.));
#2636=CARTESIAN_POINT('Origin',(37.5,-46.,10.5));
#2637=CARTESIAN_POINT('',(42.5,-46.,12.));
#2638=CARTESIAN_POINT('',(37.5,-51.,12.));
#2639=CARTESIAN_POINT('Origin',(37.5,-46.,12.));
#2640=CARTESIAN_POINT('',(37.5,-51.,10.5));
#2641=CARTESIAN_POINT('',(37.5,-51.,10.5));
#2642=CARTESIAN_POINT('',(42.5,-46.,10.5));
#2643=CARTESIAN_POINT('Origin',(37.5,-46.,10.5));
#2644=CARTESIAN_POINT('',(42.5,-46.,10.5));
#2645=CARTESIAN_POINT('Origin',(0.,0.,10.5));
#2646=CARTESIAN_POINT('',(-37.5,-51.,10.5));
#2647=CARTESIAN_POINT('',(-42.5,-51.,10.5));
#2648=CARTESIAN_POINT('',(-42.5,-46.,10.5));
#2649=CARTESIAN_POINT('Origin',(-37.5,-46.,10.5));
#2650=CARTESIAN_POINT('',(-42.5,46.,10.5));
#2651=CARTESIAN_POINT('',(-42.5,51.,10.5));
#2652=CARTESIAN_POINT('',(-37.5,51.,10.5));
#2653=CARTESIAN_POINT('Origin',(-37.5,46.,10.5));
#2654=CARTESIAN_POINT('',(-29.13,51.,10.5));
#2655=CARTESIAN_POINT('',(42.5,51.,10.5));
#2656=CARTESIAN_POINT('',(-29.13,19.,10.5));
#2657=CARTESIAN_POINT('',(-29.13,51.,10.5));
#2658=CARTESIAN_POINT('',(-25.7912775403328,19.,10.5));
#2659=CARTESIAN_POINT('',(-29.13,19.,10.5));
#2660=CARTESIAN_POINT('',(-27.55,17.0033012794022,10.5));
#2661=CARTESIAN_POINT('Origin',(-25.5967681157048,17.0557691107073,10.5));
#2662=CARTESIAN_POINT('',(-27.55,4.009,10.5));
#2663=CARTESIAN_POINT('',(-27.55,17.0033012794022,10.5));
#2664=CARTESIAN_POINT('',(-25.55,2.009,10.5));
#2665=CARTESIAN_POINT('Origin',(-25.55,4.009,10.5));
#2666=CARTESIAN_POINT('',(-12.55,2.009,10.5));
#2667=CARTESIAN_POINT('',(-25.55,2.009,10.5));
#2668=CARTESIAN_POINT('',(-10.55,4.009,10.5));
#2669=CARTESIAN_POINT('Origin',(-12.55,4.009,10.5));
#2670=CARTESIAN_POINT('',(-10.55,17.0032632562926,10.5));
#2671=CARTESIAN_POINT('',(-10.55,17.0032632562926,10.5));
#2672=CARTESIAN_POINT('',(-12.3087314105296,19.,10.5));
#2673=CARTESIAN_POINT('Origin',(-12.5032308892927,17.0557681157048,10.5));
#2674=CARTESIAN_POINT('',(-6.74127754033281,19.,10.5));
#2675=CARTESIAN_POINT('',(-29.13,19.,10.5));
#2676=CARTESIAN_POINT('',(-8.49999999999999,17.0033012794022,10.5));
#2677=CARTESIAN_POINT('Origin',(-6.54676811570481,17.0557691107073,10.5));
#2678=CARTESIAN_POINT('',(-8.49999999999999,4.009,10.5));
#2679=CARTESIAN_POINT('',(-8.49999999999999,17.0033012794022,10.5));
#2680=CARTESIAN_POINT('',(-6.49999999999999,2.009,10.5));
#2681=CARTESIAN_POINT('Origin',(-6.49999999999999,4.009,10.5));
#2682=CARTESIAN_POINT('',(6.50000000000001,2.009,10.5));
#2683=CARTESIAN_POINT('',(-6.49999999999999,2.009,10.5));
#2684=CARTESIAN_POINT('',(8.5,4.009,10.5));
#2685=CARTESIAN_POINT('Origin',(6.50000000000001,4.009,10.5));
#2686=CARTESIAN_POINT('',(8.50000000000001,17.0032632562926,10.5));
#2687=CARTESIAN_POINT('',(8.50000000000001,17.0032632562926,10.5));
#2688=CARTESIAN_POINT('',(6.74126858947038,19.,10.5));
#2689=CARTESIAN_POINT('Origin',(6.54676911070728,17.0557681157048,10.5));
#2690=CARTESIAN_POINT('',(12.3087224596672,19.,10.5));
#2691=CARTESIAN_POINT('',(-29.13,19.,10.5));
#2692=CARTESIAN_POINT('',(10.55,17.0033012794022,10.5));
#2693=CARTESIAN_POINT('Origin',(12.5032318842952,17.0557691107073,10.5));
#2694=CARTESIAN_POINT('',(10.55,4.009,10.5));
#2695=CARTESIAN_POINT('',(10.55,17.0033012794022,10.5));
#2696=CARTESIAN_POINT('',(12.55,2.00900000000001,10.5));
#2697=CARTESIAN_POINT('Origin',(12.55,4.009,10.5));
#2698=CARTESIAN_POINT('',(25.55,2.009,10.5));
#2699=CARTESIAN_POINT('',(12.55,2.009,10.5));
#2700=CARTESIAN_POINT('',(27.55,4.009,10.5));
#2701=CARTESIAN_POINT('Origin',(25.55,4.009,10.5));
#2702=CARTESIAN_POINT('',(27.55,17.0032632562926,10.5));
#2703=CARTESIAN_POINT('',(27.55,17.0032632562926,10.5));
#2704=CARTESIAN_POINT('Origin',(25.5967691107073,17.0557681157048,10.5));
#2705=CARTESIAN_POINT('',(-9.12999999999999,51.,10.5));
#2706=CARTESIAN_POINT('',(-9.12999999999999,19.,10.5));
#2707=CARTESIAN_POINT('',(37.5,51.,10.5));
#2708=CARTESIAN_POINT('',(42.5,51.,10.5));
#2709=CARTESIAN_POINT('',(42.5,46.,10.5));
#2710=CARTESIAN_POINT('Origin',(37.5,46.,10.5));
#2711=CARTESIAN_POINT('',(42.5,-51.,10.5));
#2712=CARTESIAN_POINT('',(35.8,-46.,10.5));
#2713=CARTESIAN_POINT('Origin',(37.5,-46.,10.5));
#2714=CARTESIAN_POINT('',(-8.49999999999999,-21.0966987205978,10.5));
#2715=CARTESIAN_POINT('',(-6.4942632562926,-19.091,10.5));
#2716=CARTESIAN_POINT('Origin',(-6.54676811570481,-21.0442308892927,10.5));
#2717=CARTESIAN_POINT('',(-8.49999999999999,-34.091,10.5));
#2718=CARTESIAN_POINT('',(-8.49999999999999,-21.0966987205978,10.5));
#2719=CARTESIAN_POINT('',(-6.49999999999999,-36.091,10.5));
#2720=CARTESIAN_POINT('Origin',(-6.49999999999999,-34.091,10.5));
#2721=CARTESIAN_POINT('',(6.50000000000001,-36.091,10.5));
#2722=CARTESIAN_POINT('',(-6.49999999999999,-36.091,10.5));
#2723=CARTESIAN_POINT('',(8.5,-34.091,10.5));
#2724=CARTESIAN_POINT('Origin',(6.50000000000001,-34.091,10.5));
#2725=CARTESIAN_POINT('',(8.50000000000001,-21.0967367437074,10.5));
#2726=CARTESIAN_POINT('',(8.50000000000001,-21.0967367437074,10.5));
#2727=CARTESIAN_POINT('',(6.4943012794022,-19.091,10.5));
#2728=CARTESIAN_POINT('Origin',(6.54676911070728,-21.0442318842952,10.5));
#2729=CARTESIAN_POINT('',(-6.4942632562926,-19.091,10.5));
#2730=CARTESIAN_POINT('',(10.55,-2.04669872059782,10.5));
#2731=CARTESIAN_POINT('',(12.5557367437074,-0.041000000000001,10.5));
#2732=CARTESIAN_POINT('Origin',(12.5032318842952,-1.99423088929273,10.5));
#2733=CARTESIAN_POINT('',(10.55,-15.041,10.5));
#2734=CARTESIAN_POINT('',(10.55,-2.04669872059782,10.5));
#2735=CARTESIAN_POINT('',(12.55,-17.041,10.5));
#2736=CARTESIAN_POINT('Origin',(12.55,-15.041,10.5));
#2737=CARTESIAN_POINT('',(25.55,-17.041,10.5));
#2738=CARTESIAN_POINT('',(12.55,-17.041,10.5));
#2739=CARTESIAN_POINT('',(27.55,-15.041,10.5));
#2740=CARTESIAN_POINT('Origin',(25.55,-15.041,10.5));
#2741=CARTESIAN_POINT('',(27.55,-2.0467367437074,10.5));
#2742=CARTESIAN_POINT('',(27.55,-2.0467367437074,10.5));
#2743=CARTESIAN_POINT('',(25.5443012794022,-0.041000000000001,10.5));
#2744=CARTESIAN_POINT('Origin',(25.5967691107073,-1.99423188429519,10.5));
#2745=CARTESIAN_POINT('',(12.5557367437074,-0.041000000000001,10.5));
#2746=CARTESIAN_POINT('',(-8.49999999999999,-2.04669872059781,10.5));
#2747=CARTESIAN_POINT('',(-6.49426325629261,-0.0410000000000033,10.5));
#2748=CARTESIAN_POINT('Origin',(-6.54676811570481,-1.99423088929273,10.5));
#2749=CARTESIAN_POINT('',(-8.49999999999999,-15.041,10.5));
#2750=CARTESIAN_POINT('',(-8.49999999999999,-2.04669872059781,10.5));
#2751=CARTESIAN_POINT('',(-6.49999999999999,-17.041,10.5));
#2752=CARTESIAN_POINT('Origin',(-6.49999999999999,-15.041,10.5));
#2753=CARTESIAN_POINT('',(6.50000000000001,-17.041,10.5));
#2754=CARTESIAN_POINT('',(-6.49999999999999,-17.041,10.5));
#2755=CARTESIAN_POINT('',(8.50000000000001,-15.041,10.5));
#2756=CARTESIAN_POINT('Origin',(6.50000000000001,-15.041,10.5));
#2757=CARTESIAN_POINT('',(8.50000000000001,-2.04673674370737,10.5));
#2758=CARTESIAN_POINT('',(8.50000000000001,-2.04673674370737,10.5));
#2759=CARTESIAN_POINT('',(6.49430127940221,-0.0409999999999988,10.5));
#2760=CARTESIAN_POINT('Origin',(6.54676911070728,-1.99423188429518,10.5));
#2761=CARTESIAN_POINT('',(-6.49426325629261,-0.0410000000000033,10.5));
#2762=CARTESIAN_POINT('',(-39.2,-46.,10.5));
#2763=CARTESIAN_POINT('Origin',(-37.5,-46.,10.5));
#2764=CARTESIAN_POINT('',(35.8,46.,10.5));
#2765=CARTESIAN_POINT('Origin',(37.5,46.,10.5));
#2766=CARTESIAN_POINT('',(-27.55,-2.04669872059782,10.5));
#2767=CARTESIAN_POINT('',(-25.5442632562926,-0.041000000000001,10.5));
#2768=CARTESIAN_POINT('Origin',(-25.5967681157048,-1.99423088929273,10.5));
#2769=CARTESIAN_POINT('',(-27.55,-15.041,10.5));
#2770=CARTESIAN_POINT('',(-27.55,-2.04669872059782,10.5));
#2771=CARTESIAN_POINT('',(-25.55,-17.041,10.5));
#2772=CARTESIAN_POINT('Origin',(-25.55,-15.041,10.5));
#2773=CARTESIAN_POINT('',(-12.55,-17.041,10.5));
#2774=CARTESIAN_POINT('',(-25.55,-17.041,10.5));
#2775=CARTESIAN_POINT('',(-10.55,-15.041,10.5));
#2776=CARTESIAN_POINT('Origin',(-12.55,-15.041,10.5));
#2777=CARTESIAN_POINT('',(-10.55,-2.04673674370739,10.5));
#2778=CARTESIAN_POINT('',(-10.55,-2.04673674370739,10.5));
#2779=CARTESIAN_POINT('',(-12.5556987205978,-0.041000000000001,10.5));
#2780=CARTESIAN_POINT('Origin',(-12.5032308892927,-1.99423188429519,10.5));
#2781=CARTESIAN_POINT('',(-25.5442632562926,-0.041000000000001,10.5));
#2782=CARTESIAN_POINT('',(-27.55,-21.0966987205978,10.5));
#2783=CARTESIAN_POINT('',(-25.5442632562926,-19.091,10.5));
#2784=CARTESIAN_POINT('Origin',(-25.5967681157048,-21.0442308892927,10.5));
#2785=CARTESIAN_POINT('',(-27.55,-34.091,10.5));
#2786=CARTESIAN_POINT('',(-27.55,-21.0966987205978,10.5));
#2787=CARTESIAN_POINT('',(-25.55,-36.091,10.5));
#2788=CARTESIAN_POINT('Origin',(-25.55,-34.091,10.5));
#2789=CARTESIAN_POINT('',(-12.55,-36.091,10.5));
#2790=CARTESIAN_POINT('',(-25.55,-36.091,10.5));
#2791=CARTESIAN_POINT('',(-10.55,-34.091,10.5));
#2792=CARTESIAN_POINT('Origin',(-12.55,-34.091,10.5));
#2793=CARTESIAN_POINT('',(-10.55,-21.0967367437074,10.5));
#2794=CARTESIAN_POINT('',(-10.55,-21.0967367437074,10.5));
#2795=CARTESIAN_POINT('',(-12.5556987205978,-19.091,10.5));
#2796=CARTESIAN_POINT('Origin',(-12.5032308892927,-21.0442318842952,10.5));
#2797=CARTESIAN_POINT('',(-25.5442632562926,-19.091,10.5));
#2798=CARTESIAN_POINT('',(10.55,-21.0966987205978,10.5));
#2799=CARTESIAN_POINT('',(12.5557367437074,-19.091,10.5));
#2800=CARTESIAN_POINT('Origin',(12.5032318842952,-21.0442308892927,10.5));
#2801=CARTESIAN_POINT('',(10.55,-34.091,10.5));
#2802=CARTESIAN_POINT('',(10.55,-21.0966987205978,10.5));
#2803=CARTESIAN_POINT('',(12.55,-36.091,10.5));
#2804=CARTESIAN_POINT('Origin',(12.55,-34.091,10.5));
#2805=CARTESIAN_POINT('',(25.55,-36.091,10.5));
#2806=CARTESIAN_POINT('',(12.55,-36.091,10.5));
#2807=CARTESIAN_POINT('',(27.55,-34.091,10.5));
#2808=CARTESIAN_POINT('Origin',(25.55,-34.091,10.5));
#2809=CARTESIAN_POINT('',(27.55,-21.0967367437074,10.5));
#2810=CARTESIAN_POINT('',(27.55,-21.0967367437074,10.5));
#2811=CARTESIAN_POINT('',(25.5443012794022,-19.091,10.5));
#2812=CARTESIAN_POINT('Origin',(25.5967691107073,-21.0442318842952,10.5));
#2813=CARTESIAN_POINT('',(12.5557367437074,-19.091,10.5));
#2814=CARTESIAN_POINT('',(-39.2,46.,10.5));
#2815=CARTESIAN_POINT('Origin',(-37.5,46.,10.5));
#2816=CARTESIAN_POINT('Origin',(-42.5,-51.,10.5));
#2817=CARTESIAN_POINT('',(-37.5,-51.,12.));
#2818=CARTESIAN_POINT('',(-42.5,-51.,12.));
#2819=CARTESIAN_POINT('',(-37.5,-51.,10.5));
#2820=CARTESIAN_POINT('Origin',(-37.5,-46.,10.5));
#2821=CARTESIAN_POINT('',(-42.5,-46.,12.));
#2822=CARTESIAN_POINT('Origin',(-37.5,-46.,12.));
#2823=CARTESIAN_POINT('',(-42.5,-46.,10.5));
#2824=CARTESIAN_POINT('Origin',(37.5,46.,10.5));
#2825=CARTESIAN_POINT('',(37.5,51.,12.));
#2826=CARTESIAN_POINT('',(42.5,46.,12.));
#2827=CARTESIAN_POINT('Origin',(37.5,46.,12.));
#2828=CARTESIAN_POINT('',(42.5,46.,10.5));
#2829=CARTESIAN_POINT('',(37.5,51.,10.5));
#2830=CARTESIAN_POINT('Origin',(42.5,51.,10.5));
#2831=CARTESIAN_POINT('',(-9.12999999999999,51.,12.));
#2832=CARTESIAN_POINT('',(-9.12999999999999,51.,10.5));
#2833=CARTESIAN_POINT('',(42.5,51.,12.));
#2834=CARTESIAN_POINT('Origin',(-37.5,46.,10.5));
#2835=CARTESIAN_POINT('',(-42.5,46.,12.));
#2836=CARTESIAN_POINT('',(-37.5,51.,12.));
#2837=CARTESIAN_POINT('Origin',(-37.5,46.,12.));
#2838=CARTESIAN_POINT('',(-37.5,51.,10.5));
#2839=CARTESIAN_POINT('',(-42.5,46.,10.5));
#2840=CARTESIAN_POINT('Origin',(-29.13,51.,10.5));
#2841=CARTESIAN_POINT('',(-29.13,51.,12.));
#2842=CARTESIAN_POINT('',(42.5,51.,12.));
#2843=CARTESIAN_POINT('',(-29.13,51.,10.5));
#2844=CARTESIAN_POINT('Origin',(-37.5,46.,10.5));
#2845=CARTESIAN_POINT('',(-39.2,46.,12.));
#2846=CARTESIAN_POINT('Origin',(-37.5,46.,12.));
#2847=CARTESIAN_POINT('',(-39.2,46.,10.5));
#2848=CARTESIAN_POINT('Origin',(10.55,-34.091,10.5));
#2849=CARTESIAN_POINT('',(10.55,-21.0966987205978,12.));
#2850=CARTESIAN_POINT('',(10.55,-21.0966987205978,10.5));
#2851=CARTESIAN_POINT('',(10.55,-34.091,12.));
#2852=CARTESIAN_POINT('',(10.55,-21.0966987205978,12.));
#2853=CARTESIAN_POINT('',(10.55,-34.091,10.5));
#2854=CARTESIAN_POINT('Origin',(12.55,-34.091,10.5));
#2855=CARTESIAN_POINT('',(12.55,-36.091,12.));
#2856=CARTESIAN_POINT('Origin',(12.55,-34.091,12.));
#2857=CARTESIAN_POINT('',(12.55,-36.091,10.5));
#2858=CARTESIAN_POINT('Origin',(25.55,-36.091,10.5));
#2859=CARTESIAN_POINT('',(25.55,-36.091,12.));
#2860=CARTESIAN_POINT('',(12.55,-36.091,12.));
#2861=CARTESIAN_POINT('',(25.55,-36.091,10.5));
#2862=CARTESIAN_POINT('Origin',(25.55,-34.091,10.5));
#2863=CARTESIAN_POINT('',(27.55,-34.091,12.));
#2864=CARTESIAN_POINT('Origin',(25.55,-34.091,12.));
#2865=CARTESIAN_POINT('',(27.55,-34.091,10.5));
#2866=CARTESIAN_POINT('Origin',(27.55,-21.0967367437074,10.5));
#2867=CARTESIAN_POINT('',(27.55,-21.0967367437074,12.));
#2868=CARTESIAN_POINT('',(27.55,-21.0967367437074,12.));
#2869=CARTESIAN_POINT('',(27.55,-21.0967367437074,10.5));
#2870=CARTESIAN_POINT('Origin',(25.5967691107073,-21.0442318842952,10.5));
#2871=CARTESIAN_POINT('',(25.5443012794022,-19.091,12.));
#2872=CARTESIAN_POINT('Origin',(25.5967691107073,-21.0442318842952,12.));
#2873=CARTESIAN_POINT('',(25.5443012794022,-19.091,10.5));
#2874=CARTESIAN_POINT('Origin',(12.5557367437074,-19.091,10.5));
#2875=CARTESIAN_POINT('',(12.5557367437074,-19.091,12.));
#2876=CARTESIAN_POINT('',(12.5557367437074,-19.091,12.));
#2877=CARTESIAN_POINT('',(12.5557367437074,-19.091,10.5));
#2878=CARTESIAN_POINT('Origin',(12.5032318842952,-21.0442308892927,10.5));
#2879=CARTESIAN_POINT('Origin',(12.5032318842952,-21.0442308892927,12.));
#2880=CARTESIAN_POINT('Origin',(-27.55,-34.091,10.5));
#2881=CARTESIAN_POINT('',(-27.55,-21.0966987205978,12.));
#2882=CARTESIAN_POINT('',(-27.55,-21.0966987205978,10.5));
#2883=CARTESIAN_POINT('',(-27.55,-34.091,12.));
#2884=CARTESIAN_POINT('',(-27.55,-21.0966987205978,12.));
#2885=CARTESIAN_POINT('',(-27.55,-34.091,10.5));
#2886=CARTESIAN_POINT('Origin',(-25.55,-34.091,10.5));
#2887=CARTESIAN_POINT('',(-25.55,-36.091,12.));
#2888=CARTESIAN_POINT('Origin',(-25.55,-34.091,12.));
#2889=CARTESIAN_POINT('',(-25.55,-36.091,10.5));
#2890=CARTESIAN_POINT('Origin',(-12.55,-36.091,10.5));
#2891=CARTESIAN_POINT('',(-12.55,-36.091,12.));
#2892=CARTESIAN_POINT('',(-25.55,-36.091,12.));
#2893=CARTESIAN_POINT('',(-12.55,-36.091,10.5));
#2894=CARTESIAN_POINT('Origin',(-12.55,-34.091,10.5));
#2895=CARTESIAN_POINT('',(-10.55,-34.091,12.));
#2896=CARTESIAN_POINT('Origin',(-12.55,-34.091,12.));
#2897=CARTESIAN_POINT('',(-10.55,-34.091,10.5));
#2898=CARTESIAN_POINT('Origin',(-10.55,-21.0967367437074,10.5));
#2899=CARTESIAN_POINT('',(-10.55,-21.0967367437074,12.));
#2900=CARTESIAN_POINT('',(-10.55,-21.0967367437074,12.));
#2901=CARTESIAN_POINT('',(-10.55,-21.0967367437074,10.5));
#2902=CARTESIAN_POINT('Origin',(-12.5032308892927,-21.0442318842952,10.5));
#2903=CARTESIAN_POINT('',(-12.5556987205978,-19.091,12.));
#2904=CARTESIAN_POINT('Origin',(-12.5032308892927,-21.0442318842952,12.));
#2905=CARTESIAN_POINT('',(-12.5556987205978,-19.091,10.5));
#2906=CARTESIAN_POINT('Origin',(-25.5442632562926,-19.091,10.5));
#2907=CARTESIAN_POINT('',(-25.5442632562926,-19.091,12.));
#2908=CARTESIAN_POINT('',(-25.5442632562926,-19.091,12.));
#2909=CARTESIAN_POINT('',(-25.5442632562926,-19.091,10.5));
#2910=CARTESIAN_POINT('Origin',(-25.5967681157048,-21.0442308892927,10.5));
#2911=CARTESIAN_POINT('Origin',(-25.5967681157048,-21.0442308892927,12.));
#2912=CARTESIAN_POINT('Origin',(-27.55,-15.041,10.5));
#2913=CARTESIAN_POINT('',(-27.55,-2.04669872059782,12.));
#2914=CARTESIAN_POINT('',(-27.55,-2.04669872059782,10.5));
#2915=CARTESIAN_POINT('',(-27.55,-15.041,12.));
#2916=CARTESIAN_POINT('',(-27.55,-2.04669872059782,12.));
#2917=CARTESIAN_POINT('',(-27.55,-15.041,10.5));
#2918=CARTESIAN_POINT('Origin',(-25.55,-15.041,10.5));
#2919=CARTESIAN_POINT('',(-25.55,-17.041,12.));
#2920=CARTESIAN_POINT('Origin',(-25.55,-15.041,12.));
#2921=CARTESIAN_POINT('',(-25.55,-17.041,10.5));
#2922=CARTESIAN_POINT('Origin',(-12.55,-17.041,10.5));
#2923=CARTESIAN_POINT('',(-12.55,-17.041,12.));
#2924=CARTESIAN_POINT('',(-25.55,-17.041,12.));
#2925=CARTESIAN_POINT('',(-12.55,-17.041,10.5));
#2926=CARTESIAN_POINT('Origin',(-12.55,-15.041,10.5));
#2927=CARTESIAN_POINT('',(-10.55,-15.041,12.));
#2928=CARTESIAN_POINT('Origin',(-12.55,-15.041,12.));
#2929=CARTESIAN_POINT('',(-10.55,-15.041,10.5));
#2930=CARTESIAN_POINT('Origin',(-10.55,-2.04673674370739,10.5));
#2931=CARTESIAN_POINT('',(-10.55,-2.04673674370739,12.));
#2932=CARTESIAN_POINT('',(-10.55,-2.04673674370739,12.));
#2933=CARTESIAN_POINT('',(-10.55,-2.04673674370739,10.5));
#2934=CARTESIAN_POINT('Origin',(-12.5032308892927,-1.99423188429519,10.5));
#2935=CARTESIAN_POINT('',(-12.5556987205978,-0.0410000000000021,12.));
#2936=CARTESIAN_POINT('Origin',(-12.5032308892927,-1.99423188429519,12.));
#2937=CARTESIAN_POINT('',(-12.5556987205978,-0.041000000000001,10.5));
#2938=CARTESIAN_POINT('Origin',(-25.5442632562926,-0.041000000000001,10.5));
#2939=CARTESIAN_POINT('',(-25.5442632562926,-0.0410000000000021,12.));
#2940=CARTESIAN_POINT('',(-25.5442632562926,-0.041000000000001,12.));
#2941=CARTESIAN_POINT('',(-25.5442632562926,-0.041000000000001,10.5));
#2942=CARTESIAN_POINT('Origin',(-25.5967681157048,-1.99423088929273,10.5));
#2943=CARTESIAN_POINT('Origin',(-25.5967681157048,-1.99423088929273,12.));
#2944=CARTESIAN_POINT('Origin',(37.5,46.,10.5));
#2945=CARTESIAN_POINT('',(35.8,46.,12.));
#2946=CARTESIAN_POINT('Origin',(37.5,46.,12.));
#2947=CARTESIAN_POINT('',(35.8,46.,10.5));
#2948=CARTESIAN_POINT('Origin',(-37.5,-46.,10.5));
#2949=CARTESIAN_POINT('',(-39.2,-46.,12.));
#2950=CARTESIAN_POINT('Origin',(-37.5,-46.,12.));
#2951=CARTESIAN_POINT('',(-39.2,-46.,10.5));
#2952=CARTESIAN_POINT('Origin',(-8.49999999999999,-15.041,10.5));
#2953=CARTESIAN_POINT('',(-8.49999999999999,-2.04669872059781,12.));
#2954=CARTESIAN_POINT('',(-8.49999999999999,-2.04669872059781,10.5));
#2955=CARTESIAN_POINT('',(-8.49999999999999,-15.041,12.));
#2956=CARTESIAN_POINT('',(-8.49999999999999,-2.04669872059781,12.));
#2957=CARTESIAN_POINT('',(-8.49999999999999,-15.041,10.5));
#2958=CARTESIAN_POINT('Origin',(-6.49999999999999,-15.041,10.5));
#2959=CARTESIAN_POINT('',(-6.49999999999999,-17.041,12.));
#2960=CARTESIAN_POINT('Origin',(-6.49999999999999,-15.041,12.));
#2961=CARTESIAN_POINT('',(-6.49999999999999,-17.041,10.5));
#2962=CARTESIAN_POINT('Origin',(6.50000000000001,-17.041,10.5));
#2963=CARTESIAN_POINT('',(6.50000000000001,-17.041,12.));
#2964=CARTESIAN_POINT('',(-6.49999999999999,-17.041,12.));
#2965=CARTESIAN_POINT('',(6.50000000000001,-17.041,10.5));
#2966=CARTESIAN_POINT('Origin',(6.50000000000001,-15.041,10.5));
#2967=CARTESIAN_POINT('',(8.50000000000001,-15.041,12.));
#2968=CARTESIAN_POINT('Origin',(6.50000000000001,-15.041,12.));
#2969=CARTESIAN_POINT('',(8.50000000000001,-15.041,10.5));
#2970=CARTESIAN_POINT('Origin',(8.50000000000001,-2.04673674370737,10.5));
#2971=CARTESIAN_POINT('',(8.50000000000001,-2.04673674370737,12.));
#2972=CARTESIAN_POINT('',(8.50000000000001,-2.04673674370737,12.));
#2973=CARTESIAN_POINT('',(8.50000000000001,-2.04673674370737,10.5));
#2974=CARTESIAN_POINT('Origin',(6.54676911070728,-1.99423188429518,10.5));
#2975=CARTESIAN_POINT('',(6.49430127940221,-0.0409999999999977,12.));
#2976=CARTESIAN_POINT('Origin',(6.54676911070728,-1.99423188429518,12.));
#2977=CARTESIAN_POINT('',(6.49430127940221,-0.0409999999999988,10.5));
#2978=CARTESIAN_POINT('Origin',(-6.49426325629261,-0.0410000000000033,10.5));
#2979=CARTESIAN_POINT('',(-6.49426325629261,-0.0410000000000021,12.));
#2980=CARTESIAN_POINT('',(-6.49426325629261,-0.0410000000000033,12.));
#2981=CARTESIAN_POINT('',(-6.49426325629261,-0.0410000000000033,10.5));
#2982=CARTESIAN_POINT('Origin',(-6.54676811570481,-1.99423088929273,10.5));
#2983=CARTESIAN_POINT('Origin',(-6.54676811570481,-1.99423088929273,12.));
#2984=CARTESIAN_POINT('Origin',(10.55,-15.041,10.5));
#2985=CARTESIAN_POINT('',(10.55,-2.04669872059782,12.));
#2986=CARTESIAN_POINT('',(10.55,-2.04669872059782,10.5));
#2987=CARTESIAN_POINT('',(10.55,-15.041,12.));
#2988=CARTESIAN_POINT('',(10.55,-2.04669872059782,12.));
#2989=CARTESIAN_POINT('',(10.55,-15.041,10.5));
#2990=CARTESIAN_POINT('Origin',(12.55,-15.041,10.5));
#2991=CARTESIAN_POINT('',(12.55,-17.041,12.));
#2992=CARTESIAN_POINT('Origin',(12.55,-15.041,12.));
#2993=CARTESIAN_POINT('',(12.55,-17.041,10.5));
#2994=CARTESIAN_POINT('Origin',(25.55,-17.041,10.5));
#2995=CARTESIAN_POINT('',(25.55,-17.041,12.));
#2996=CARTESIAN_POINT('',(12.55,-17.041,12.));
#2997=CARTESIAN_POINT('',(25.55,-17.041,10.5));
#2998=CARTESIAN_POINT('Origin',(25.55,-15.041,10.5));
#2999=CARTESIAN_POINT('',(27.55,-15.041,12.));
#3000=CARTESIAN_POINT('Origin',(25.55,-15.041,12.));
#3001=CARTESIAN_POINT('',(27.55,-15.041,10.5));
#3002=CARTESIAN_POINT('Origin',(27.55,-2.0467367437074,10.5));
#3003=CARTESIAN_POINT('',(27.55,-2.0467367437074,12.));
#3004=CARTESIAN_POINT('',(27.55,-2.0467367437074,12.));
#3005=CARTESIAN_POINT('',(27.55,-2.0467367437074,10.5));
#3006=CARTESIAN_POINT('Origin',(25.5967691107073,-1.99423188429519,10.5));
#3007=CARTESIAN_POINT('',(25.5443012794022,-0.0410000000000021,12.));
#3008=CARTESIAN_POINT('Origin',(25.5967691107073,-1.99423188429519,12.));
#3009=CARTESIAN_POINT('',(25.5443012794022,-0.041000000000001,10.5));
#3010=CARTESIAN_POINT('Origin',(12.5557367437074,-0.041000000000001,10.5));
#3011=CARTESIAN_POINT('',(12.5557367437074,-0.0410000000000021,12.));
#3012=CARTESIAN_POINT('',(12.5557367437074,-0.041000000000001,12.));
#3013=CARTESIAN_POINT('',(12.5557367437074,-0.041000000000001,10.5));
#3014=CARTESIAN_POINT('Origin',(12.5032318842952,-1.99423088929273,10.5));
#3015=CARTESIAN_POINT('Origin',(12.5032318842952,-1.99423088929273,12.));
#3016=CARTESIAN_POINT('Origin',(-8.49999999999999,-34.091,10.5));
#3017=CARTESIAN_POINT('',(-8.49999999999999,-21.0966987205978,12.));
#3018=CARTESIAN_POINT('',(-8.49999999999999,-21.0966987205978,10.5));
#3019=CARTESIAN_POINT('',(-8.49999999999999,-34.091,12.));
#3020=CARTESIAN_POINT('',(-8.49999999999999,-21.0966987205978,12.));
#3021=CARTESIAN_POINT('',(-8.49999999999999,-34.091,10.5));
#3022=CARTESIAN_POINT('Origin',(-6.49999999999999,-34.091,10.5));
#3023=CARTESIAN_POINT('',(-6.49999999999999,-36.091,12.));
#3024=CARTESIAN_POINT('Origin',(-6.49999999999999,-34.091,12.));
#3025=CARTESIAN_POINT('',(-6.49999999999999,-36.091,10.5));
#3026=CARTESIAN_POINT('Origin',(6.50000000000001,-36.091,10.5));
#3027=CARTESIAN_POINT('',(6.50000000000001,-36.091,12.));
#3028=CARTESIAN_POINT('',(-6.49999999999999,-36.091,12.));
#3029=CARTESIAN_POINT('',(6.50000000000001,-36.091,10.5));
#3030=CARTESIAN_POINT('Origin',(6.50000000000001,-34.091,10.5));
#3031=CARTESIAN_POINT('',(8.50000000000001,-34.091,12.));
#3032=CARTESIAN_POINT('Origin',(6.50000000000001,-34.091,12.));
#3033=CARTESIAN_POINT('',(8.5,-34.091,10.5));
#3034=CARTESIAN_POINT('Origin',(8.50000000000001,-21.0967367437074,10.5));
#3035=CARTESIAN_POINT('',(8.50000000000001,-21.0967367437074,12.));
#3036=CARTESIAN_POINT('',(8.50000000000001,-21.0967367437074,12.));
#3037=CARTESIAN_POINT('',(8.50000000000001,-21.0967367437074,10.5));
#3038=CARTESIAN_POINT('Origin',(6.54676911070728,-21.0442318842952,10.5));
#3039=CARTESIAN_POINT('',(6.4943012794022,-19.091,12.));
#3040=CARTESIAN_POINT('Origin',(6.54676911070728,-21.0442318842952,12.));
#3041=CARTESIAN_POINT('',(6.4943012794022,-19.091,10.5));
#3042=CARTESIAN_POINT('Origin',(-6.4942632562926,-19.091,10.5));
#3043=CARTESIAN_POINT('',(-6.4942632562926,-19.091,12.));
#3044=CARTESIAN_POINT('',(-6.4942632562926,-19.091,12.));
#3045=CARTESIAN_POINT('',(-6.4942632562926,-19.091,10.5));
#3046=CARTESIAN_POINT('Origin',(-6.54676811570481,-21.0442308892927,10.5));
#3047=CARTESIAN_POINT('Origin',(-6.54676811570481,-21.0442308892927,12.));
#3048=CARTESIAN_POINT('Origin',(37.5,-46.,10.5));
#3049=CARTESIAN_POINT('',(35.8,-46.,12.));
#3050=CARTESIAN_POINT('Origin',(37.5,-46.,12.));
#3051=CARTESIAN_POINT('',(35.8,-46.,10.5));
#3052=CARTESIAN_POINT('Origin',(-6.74127754033281,19.,10.5));
#3053=CARTESIAN_POINT('',(-12.3087314105296,19.,12.));
#3054=CARTESIAN_POINT('',(-12.3087314105296,19.,10.5));
#3055=CARTESIAN_POINT('',(-6.74127754033281,19.,12.));
#3056=CARTESIAN_POINT('',(-29.13,19.,12.));
#3057=CARTESIAN_POINT('',(-6.74127754033281,19.,10.5));
#3058=CARTESIAN_POINT('Origin',(-6.54676811570481,17.0557691107073,10.5));
#3059=CARTESIAN_POINT('',(-8.49999999999999,17.0033012794022,12.));
#3060=CARTESIAN_POINT('Origin',(-6.54676811570481,17.0557691107073,12.));
#3061=CARTESIAN_POINT('',(-8.49999999999999,17.0033012794022,10.5));
#3062=CARTESIAN_POINT('Origin',(-8.49999999999999,4.009,10.5));
#3063=CARTESIAN_POINT('',(-8.49999999999999,4.009,12.));
#3064=CARTESIAN_POINT('',(-8.49999999999999,17.0033012794022,12.));
#3065=CARTESIAN_POINT('',(-8.49999999999999,4.009,10.5));
#3066=CARTESIAN_POINT('Origin',(-6.49999999999999,4.009,10.5));
#3067=CARTESIAN_POINT('',(-6.49999999999999,2.009,12.));
#3068=CARTESIAN_POINT('Origin',(-6.49999999999999,4.009,12.));
#3069=CARTESIAN_POINT('',(-6.49999999999999,2.009,10.5));
#3070=CARTESIAN_POINT('Origin',(6.50000000000001,2.009,10.5));
#3071=CARTESIAN_POINT('',(6.50000000000001,2.009,12.));
#3072=CARTESIAN_POINT('',(-6.49999999999999,2.009,12.));
#3073=CARTESIAN_POINT('',(6.50000000000001,2.009,10.5));
#3074=CARTESIAN_POINT('Origin',(6.50000000000001,4.009,10.5));
#3075=CARTESIAN_POINT('',(8.50000000000001,4.009,12.));
#3076=CARTESIAN_POINT('Origin',(6.50000000000001,4.009,12.));
#3077=CARTESIAN_POINT('',(8.5,4.009,10.5));
#3078=CARTESIAN_POINT('Origin',(8.50000000000001,17.0032632562926,10.5));
#3079=CARTESIAN_POINT('',(8.50000000000001,17.0032632562926,12.));
#3080=CARTESIAN_POINT('',(8.50000000000001,17.0032632562926,12.));
#3081=CARTESIAN_POINT('',(8.50000000000001,17.0032632562926,10.5));
#3082=CARTESIAN_POINT('Origin',(6.54676911070728,17.0557681157048,10.5));
#3083=CARTESIAN_POINT('',(6.74126858947038,19.,12.));
#3084=CARTESIAN_POINT('Origin',(6.54676911070728,17.0557681157048,12.));
#3085=CARTESIAN_POINT('',(6.74126858947038,19.,10.5));
#3086=CARTESIAN_POINT('Origin',(12.3087224596672,19.,10.5));
#3087=CARTESIAN_POINT('',(12.3087224596672,19.,12.));
#3088=CARTESIAN_POINT('',(-29.13,19.,12.));
#3089=CARTESIAN_POINT('',(12.3087224596672,19.,10.5));
#3090=CARTESIAN_POINT('Origin',(12.5032318842952,17.0557691107073,10.5));
#3091=CARTESIAN_POINT('',(10.55,17.0033012794022,12.));
#3092=CARTESIAN_POINT('Origin',(12.5032318842952,17.0557691107073,12.));
#3093=CARTESIAN_POINT('',(10.55,17.0033012794022,10.5));
#3094=CARTESIAN_POINT('Origin',(10.55,4.009,10.5));
#3095=CARTESIAN_POINT('',(10.55,4.009,12.));
#3096=CARTESIAN_POINT('',(10.55,17.0033012794022,12.));
#3097=CARTESIAN_POINT('',(10.55,4.009,10.5));
#3098=CARTESIAN_POINT('Origin',(12.55,4.009,10.5));
#3099=CARTESIAN_POINT('',(12.55,2.00900000000001,12.));
#3100=CARTESIAN_POINT('Origin',(12.55,4.009,12.));
#3101=CARTESIAN_POINT('',(12.55,2.00900000000001,10.5));
#3102=CARTESIAN_POINT('Origin',(25.55,2.009,10.5));
#3103=CARTESIAN_POINT('',(25.55,2.009,12.));
#3104=CARTESIAN_POINT('',(12.55,2.009,12.));
#3105=CARTESIAN_POINT('',(25.55,2.009,10.5));
#3106=CARTESIAN_POINT('Origin',(25.55,4.009,10.5));
#3107=CARTESIAN_POINT('',(27.55,4.009,12.));
#3108=CARTESIAN_POINT('Origin',(25.55,4.009,12.));
#3109=CARTESIAN_POINT('',(27.55,4.009,10.5));
#3110=CARTESIAN_POINT('Origin',(27.55,17.0032632562926,10.5));
#3111=CARTESIAN_POINT('',(27.55,17.0032632562926,12.));
#3112=CARTESIAN_POINT('',(27.55,17.0032632562926,12.));
#3113=CARTESIAN_POINT('',(27.55,17.0032632562926,10.5));
#3114=CARTESIAN_POINT('Origin',(25.5967691107073,17.0557681157048,10.5));
#3115=CARTESIAN_POINT('Origin',(25.5967691107073,17.0557681157048,12.));
#3116=CARTESIAN_POINT('Origin',(-9.12999999999999,51.,10.5));
#3117=CARTESIAN_POINT('',(-9.12999999999999,19.,12.));
#3118=CARTESIAN_POINT('Origin',(42.5,-51.,10.5));
#3119=CARTESIAN_POINT('',(42.5,-51.,12.));
#3120=CARTESIAN_POINT('Origin',(-42.5,51.,10.5));
#3121=CARTESIAN_POINT('',(-42.5,51.,12.));
#3122=CARTESIAN_POINT('Origin',(-29.13,19.,10.5));
#3123=CARTESIAN_POINT('',(-29.13,19.,12.));
#3124=CARTESIAN_POINT('',(-29.13,51.,12.));
#3125=CARTESIAN_POINT('',(-29.13,19.,10.5));
#3126=CARTESIAN_POINT('Origin',(-25.7912775403328,19.,10.5));
#3127=CARTESIAN_POINT('',(-25.7912775403328,19.,12.));
#3128=CARTESIAN_POINT('',(-29.13,19.,12.));
#3129=CARTESIAN_POINT('',(-25.7912775403328,19.,10.5));
#3130=CARTESIAN_POINT('Origin',(-25.5967681157048,17.0557691107073,10.5));
#3131=CARTESIAN_POINT('',(-27.55,17.0033012794022,12.));
#3132=CARTESIAN_POINT('Origin',(-25.5967681157048,17.0557691107073,12.));
#3133=CARTESIAN_POINT('',(-27.55,17.0033012794022,10.5));
#3134=CARTESIAN_POINT('Origin',(-27.55,4.009,10.5));
#3135=CARTESIAN_POINT('',(-27.55,4.009,12.));
#3136=CARTESIAN_POINT('',(-27.55,17.0033012794022,12.));
#3137=CARTESIAN_POINT('',(-27.55,4.009,10.5));
#3138=CARTESIAN_POINT('Origin',(-25.55,4.009,10.5));
#3139=CARTESIAN_POINT('',(-25.55,2.009,12.));
#3140=CARTESIAN_POINT('Origin',(-25.55,4.009,12.));
#3141=CARTESIAN_POINT('',(-25.55,2.009,10.5));
#3142=CARTESIAN_POINT('Origin',(-12.55,2.009,10.5));
#3143=CARTESIAN_POINT('',(-12.55,2.009,12.));
#3144=CARTESIAN_POINT('',(-25.55,2.009,12.));
#3145=CARTESIAN_POINT('',(-12.55,2.009,10.5));
#3146=CARTESIAN_POINT('Origin',(-12.55,4.009,10.5));
#3147=CARTESIAN_POINT('',(-10.55,4.009,12.));
#3148=CARTESIAN_POINT('Origin',(-12.55,4.009,12.));
#3149=CARTESIAN_POINT('',(-10.55,4.009,10.5));
#3150=CARTESIAN_POINT('Origin',(-10.55,17.0032632562926,10.5));
#3151=CARTESIAN_POINT('',(-10.55,17.0032632562926,12.));
#3152=CARTESIAN_POINT('',(-10.55,17.0032632562926,12.));
#3153=CARTESIAN_POINT('',(-10.55,17.0032632562926,10.5));
#3154=CARTESIAN_POINT('Origin',(-12.5032308892927,17.0557681157048,10.5));
#3155=CARTESIAN_POINT('Origin',(-12.5032308892927,17.0557681157048,12.));
#3156=CARTESIAN_POINT('Origin',(0.,0.,12.));
#3157=CARTESIAN_POINT('',(-6.91252332549462E-107,-4.44089209850063E-15,
-1.2));
#3158=UNCERTAINTY_MEASURE_WITH_UNIT(LENGTH_MEASURE(0.01),#3164,
'DISTANCE_ACCURACY_VALUE',
'Maximum model space distance between geometric entities at asserted c
onnectivities');
#3159=UNCERTAINTY_MEASURE_WITH_UNIT(LENGTH_MEASURE(0.01),#3164,
'DISTANCE_ACCURACY_VALUE',
'Maximum model space distance between geometric entities at asserted c
onnectivities');
#3160=UNCERTAINTY_MEASURE_WITH_UNIT(LENGTH_MEASURE(0.01),#3164,
'DISTANCE_ACCURACY_VALUE',
'Maximum model space distance between geometric entities at asserted c
onnectivities');
#3161=(
GEOMETRIC_REPRESENTATION_CONTEXT(3)
GLOBAL_UNCERTAINTY_ASSIGNED_CONTEXT((#3158))
GLOBAL_UNIT_ASSIGNED_CONTEXT((#3164,#3166,#3167))
REPRESENTATION_CONTEXT('','3D')
);
#3162=(
GEOMETRIC_REPRESENTATION_CONTEXT(3)
GLOBAL_UNCERTAINTY_ASSIGNED_CONTEXT((#3159))
GLOBAL_UNIT_ASSIGNED_CONTEXT((#3164,#3166,#3167))
REPRESENTATION_CONTEXT('','3D')
);
#3163=(
GEOMETRIC_REPRESENTATION_CONTEXT(3)
GLOBAL_UNCERTAINTY_ASSIGNED_CONTEXT((#3160))
GLOBAL_UNIT_ASSIGNED_CONTEXT((#3164,#3166,#3167))
REPRESENTATION_CONTEXT('','3D')
);
#3164=(
LENGTH_UNIT()
NAMED_UNIT(*)
SI_UNIT(.MILLI.,.METRE.)
);
#3165=(
LENGTH_UNIT()
NAMED_UNIT(*)
SI_UNIT($,.METRE.)
);
#3166=(
NAMED_UNIT(*)
PLANE_ANGLE_UNIT()
SI_UNIT($,.RADIAN.)
);
#3167=(
NAMED_UNIT(*)
SI_UNIT($,.STERADIAN.)
SOLID_ANGLE_UNIT()
);
#3168=SHAPE_DEFINITION_REPRESENTATION(#3170,#3173);
#3169=SHAPE_DEFINITION_REPRESENTATION(#3171,#3174);
#3170=PRODUCT_DEFINITION_SHAPE('',$,#3176);
#3171=PRODUCT_DEFINITION_SHAPE('',$,#3177);
#3172=PRODUCT_DEFINITION_SHAPE($,$,#14);
#3173=SHAPE_REPRESENTATION('',(#1882,#2064),#3161);
#3174=SHAPE_REPRESENTATION('',(#1883),#3162);
#3175=PRODUCT_DEFINITION_CONTEXT('part definition',#3183,'design');
#3176=PRODUCT_DEFINITION('macropad_casetop','macropad_casetop v2',#3178,
#3175);
#3177=PRODUCT_DEFINITION('top','top',#3179,#3175);
#3178=PRODUCT_DEFINITION_FORMATION('',$,#3185);
#3179=PRODUCT_DEFINITION_FORMATION('',$,#3186);
#3180=PRODUCT_RELATED_PRODUCT_CATEGORY('macropad_casetop v2',
'macropad_casetop v2',(#3185));
#3181=PRODUCT_RELATED_PRODUCT_CATEGORY('top','top',(#3186));
#3182=APPLICATION_PROTOCOL_DEFINITION('international standard',
'automotive_design',2009,#3183);
#3183=APPLICATION_CONTEXT(
'Core Data for Automotive Mechanical Design Process');
#3184=PRODUCT_CONTEXT('part definition',#3183,'mechanical');
#3185=PRODUCT('macropad_casetop','macropad_casetop v2',$,(#3184));
#3186=PRODUCT('top','top',$,(#3184));
#3187=PRESENTATION_STYLE_ASSIGNMENT((#3188));
#3188=SURFACE_STYLE_USAGE(.BOTH.,#3189);
#3189=SURFACE_SIDE_STYLE('',(#3190));
#3190=SURFACE_STYLE_FILL_AREA(#3191);
#3191=FILL_AREA_STYLE('Stal \X2\2014\X0\ satynowa',(#3192));
#3192=FILL_AREA_STYLE_COLOUR('Stal \X2\2014\X0\ satynowa',#3193);
#3193=COLOUR_RGB('Stal \X2\2014\X0\ satynowa',0.627450980392157,0.627450980392157,
0.627450980392157);
ENDSEC;
END-ISO-10303-21;
